insert into authors (id, first_name, last_name, description) values (1, 'Charyl', 'Dugan', 'Lorem ipsum dolor sit amet, consectetuer adipiscing elit. Proin interdum mauris non ligula pellentesque ultrices. Phasellus id sapien in sapien iaculis congue. Vivamus metus arcu, adipiscing molestie, hendrerit at, vulputate vitae, nisl. Aenean lectus. Pellentesque eget nunc. Donec quis orci eget orci vehicula condimentum. Curabitur in libero ut massa volutpat convallis. Morbi odio odio, elementum eu, interdum eu, tincidunt in, leo. Maecenas pulvinar lobortis est.');
insert into authors (id, first_name, last_name, description) values (2, 'Erinn', 'Cayzer', 'Vestibulum rutrum rutrum neque. Aenean auctor gravida sem. Praesent id massa id nisl venenatis lacinia. Aenean sit amet justo. Morbi ut odio. Cras mi pede, malesuada in, imperdiet et, commodo vulputate, justo. In blandit ultrices enim. Lorem ipsum dolor sit amet, consectetuer adipiscing elit. Proin interdum mauris non ligula pellentesque ultrices. Phasellus id sapien in sapien iaculis congue.');
insert into authors (id, first_name, last_name, description) values (3, 'Jean', 'Caddens', 'Morbi vestibulum, velit id pretium iaculis, diam erat fermentum justo, nec condimentum neque sapien placerat ante. Nulla justo. Aliquam quis turpis eget elit sodales scelerisque. Mauris sit amet eros. Suspendisse accumsan tortor quis turpis. Sed ante. Vivamus tortor. Duis mattis egestas metus. Aenean fermentum. Donec ut mauris eget massa tempor convallis. Nulla neque libero, convallis eget, eleifend luctus, ultricies eu, nibh. Quisque id justo sit amet sapien dignissim vestibulum. Vestibulum ante ipsum primis in faucibus orci luctus et ultrices posuere cubilia Curae; Nulla dapibus dolor vel est. Donec odio justo, sollicitudin ut, suscipit a, feugiat et, eros. Vestibulum ac est lacinia nisi venenatis tristique.');
insert into authors (id, first_name, last_name, description) values (4, 'Cully', 'Steers', 'Vestibulum rutrum rutrum neque. Aenean auctor gravida sem. Praesent id massa id nisl venenatis lacinia. Aenean sit amet justo. Morbi ut odio. Cras mi pede, malesuada in, imperdiet et, commodo vulputate, justo. In blandit ultrices enim. Lorem ipsum dolor sit amet, consectetuer adipiscing elit. Proin interdum mauris non ligula pellentesque ultrices. Phasellus id sapien in sapien iaculis congue. Vivamus metus arcu, adipiscing molestie, hendrerit at, vulputate vitae, nisl.');
insert into authors (id, first_name, last_name, description) values (5, 'Marie-ann', 'Harber', 'Etiam vel augue. Vestibulum rutrum rutrum neque. Aenean auctor gravida sem. Praesent id massa id nisl venenatis lacinia. Aenean sit amet justo. Morbi ut odio. Cras mi pede, malesuada in, imperdiet et, commodo vulputate, justo. In blandit ultrices enim. Lorem ipsum dolor sit amet, consectetuer adipiscing elit. Proin interdum mauris non ligula pellentesque ultrices. Phasellus id sapien in sapien iaculis congue. Vivamus metus arcu, adipiscing molestie, hendrerit at, vulputate vitae, nisl. Aenean lectus. Pellentesque eget nunc. Donec quis orci eget orci vehicula condimentum. Curabitur in libero ut massa volutpat convallis.');
insert into authors (id, first_name, last_name, description) values (6, 'Herculie', 'Paolicchi', 'Duis aliquam convallis nunc. Proin at turpis a pede posuere nonummy. Integer non velit. Donec diam neque, vestibulum eget, vulputate ut, ultrices vel, augue. Vestibulum ante ipsum primis in faucibus orci luctus et ultrices posuere cubilia Curae; Donec pharetra, magna vestibulum aliquet ultrices, erat tortor sollicitudin mi, sit amet lobortis sapien sapien non mi. Integer ac neque. Duis bibendum. Morbi non quam nec dui luctus rutrum. Nulla tellus. In sagittis dui vel nisl.');
insert into authors (id, first_name, last_name, description) values (7, 'Lem', 'LaWille', 'Fusce consequat. Nulla nisl. Nunc nisl. Duis bibendum, felis sed interdum venenatis, turpis enim blandit mi, in porttitor pede justo eu massa. Donec dapibus. Duis at velit eu est congue elementum. In hac habitasse platea dictumst. Morbi vestibulum, velit id pretium iaculis, diam erat fermentum justo, nec condimentum neque sapien placerat ante. Nulla justo. Aliquam quis turpis eget elit sodales scelerisque. Mauris sit amet eros. Suspendisse accumsan tortor quis turpis. Sed ante. Vivamus tortor. Duis mattis egestas metus. Aenean fermentum. Donec ut mauris eget massa tempor convallis. Nulla neque libero, convallis eget, eleifend luctus, ultricies eu, nibh. Quisque id justo sit amet sapien dignissim vestibulum.');
insert into authors (id, first_name, last_name, description) values (8, 'Audre', 'Sidon', 'Morbi a ipsum. Integer a nibh. In quis justo. Maecenas rhoncus aliquam lacus. Morbi quis tortor id nulla ultrices aliquet. Maecenas leo odio, condimentum id, luctus nec, molestie sed, justo. Pellentesque viverra pede ac diam. Cras pellentesque volutpat dui. Maecenas tristique, est et tempus semper, est quam pharetra magna, ac consequat metus sapien ut nunc. Vestibulum ante ipsum primis in faucibus orci luctus et ultrices posuere cubilia Curae; Mauris viverra diam vitae quam. Suspendisse potenti.');
insert into authors (id, first_name, last_name, description) values (9, 'Danika', 'Northrop', 'Nulla ut erat id mauris vulputate elementum. Nullam varius. Nulla facilisi. Cras non velit nec nisi vulputate nonummy. Maecenas tincidunt lacus at velit. Vivamus vel nulla eget eros elementum pellentesque. Quisque porta volutpat erat. Quisque erat eros, viverra eget, congue eget, semper rutrum, nulla. Nunc purus. Phasellus in felis. Donec semper sapien a libero. Nam dui. Proin leo odio, porttitor id, consequat in, consequat ut, nulla. Sed accumsan felis. Ut at dolor quis odio consequat varius. Integer ac leo. Pellentesque ultrices mattis odio.');
insert into authors (id, first_name, last_name, description) values (10, 'Alexia', 'Snasdell', 'Nunc rhoncus dui vel sem. Sed sagittis. Nam congue, risus semper porta volutpat, quam pede lobortis ligula, sit amet eleifend pede libero quis orci. Nullam molestie nibh in lectus. Pellentesque at nulla. Suspendisse potenti. Cras in purus eu magna vulputate luctus. Cum sociis natoque penatibus et magnis dis parturient montes, nascetur ridiculus mus. Vivamus vestibulum sagittis sapien. Cum sociis natoque penatibus et magnis dis parturient montes, nascetur ridiculus mus. Etiam vel augue. Vestibulum rutrum rutrum neque. Aenean auctor gravida sem.');
insert into authors (id, first_name, last_name, description) values (11, 'Phip', 'Scain', 'In sagittis dui vel nisl. Duis ac nibh. Fusce lacus purus, aliquet at, feugiat non, pretium quis, lectus. Suspendisse potenti. In eleifend quam a odio. In hac habitasse platea dictumst. Maecenas ut massa quis augue luctus tincidunt. Nulla mollis molestie lorem. Quisque ut erat. Curabitur gravida nisi at nibh. In hac habitasse platea dictumst. Aliquam augue quam, sollicitudin vitae, consectetuer eget, rutrum at, lorem. Integer tincidunt ante vel ipsum. Praesent blandit lacinia erat. Vestibulum sed magna at nunc commodo placerat. Praesent blandit. Nam nulla. Integer pede justo, lacinia eget, tincidunt eget, tempus vel, pede. Morbi porttitor lorem id ligula.');
insert into authors (id, first_name, last_name, description) values (12, 'Torey', 'Frane', 'Nullam sit amet turpis elementum ligula vehicula consequat. Morbi a ipsum. Integer a nibh. In quis justo. Maecenas rhoncus aliquam lacus. Morbi quis tortor id nulla ultrices aliquet. Maecenas leo odio, condimentum id, luctus nec, molestie sed, justo. Pellentesque viverra pede ac diam. Cras pellentesque volutpat dui. Maecenas tristique, est et tempus semper, est quam pharetra magna, ac consequat metus sapien ut nunc. Vestibulum ante ipsum primis in faucibus orci luctus et ultrices posuere cubilia Curae; Mauris viverra diam vitae quam. Suspendisse potenti. Nullam porttitor lacus at turpis. Donec posuere metus vitae ipsum. Aliquam non mauris. Morbi non lectus. Aliquam sit amet diam in magna bibendum imperdiet. Nullam orci pede, venenatis non, sodales sed, tincidunt eu, felis.');
insert into authors (id, first_name, last_name, description) values (13, 'Carmelle', 'Brooking', 'Mauris lacinia sapien quis libero. Nullam sit amet turpis elementum ligula vehicula consequat. Morbi a ipsum. Integer a nibh. In quis justo. Maecenas rhoncus aliquam lacus. Morbi quis tortor id nulla ultrices aliquet. Maecenas leo odio, condimentum id, luctus nec, molestie sed, justo. Pellentesque viverra pede ac diam. Cras pellentesque volutpat dui. Maecenas tristique, est et tempus semper, est quam pharetra magna, ac consequat metus sapien ut nunc. Vestibulum ante ipsum primis in faucibus orci luctus et ultrices posuere cubilia Curae; Mauris viverra diam vitae quam. Suspendisse potenti. Nullam porttitor lacus at turpis. Donec posuere metus vitae ipsum. Aliquam non mauris.');
insert into authors (id, first_name, last_name, description) values (14, 'Lauri', 'Adamiec', 'Suspendisse potenti. In eleifend quam a odio. In hac habitasse platea dictumst. Maecenas ut massa quis augue luctus tincidunt. Nulla mollis molestie lorem. Quisque ut erat. Curabitur gravida nisi at nibh. In hac habitasse platea dictumst. Aliquam augue quam, sollicitudin vitae, consectetuer eget, rutrum at, lorem. Integer tincidunt ante vel ipsum. Praesent blandit lacinia erat.');
insert into authors (id, first_name, last_name, description) values (15, 'Carlotta', 'Barbrick', 'Morbi vestibulum, velit id pretium iaculis, diam erat fermentum justo, nec condimentum neque sapien placerat ante. Nulla justo. Aliquam quis turpis eget elit sodales scelerisque. Mauris sit amet eros. Suspendisse accumsan tortor quis turpis. Sed ante. Vivamus tortor. Duis mattis egestas metus. Aenean fermentum. Donec ut mauris eget massa tempor convallis. Nulla neque libero, convallis eget, eleifend luctus, ultricies eu, nibh. Quisque id justo sit amet sapien dignissim vestibulum. Vestibulum ante ipsum primis in faucibus orci luctus et ultrices posuere cubilia Curae; Nulla dapibus dolor vel est. Donec odio justo, sollicitudin ut, suscipit a, feugiat et, eros. Vestibulum ac est lacinia nisi venenatis tristique.');
insert into authors (id, first_name, last_name, description) values (16, 'Marcie', 'Vearnals', 'Fusce congue, diam id ornare imperdiet, sapien urna pretium nisl, ut volutpat sapien arcu sed augue. Aliquam erat volutpat. In congue. Etiam justo. Etiam pretium iaculis justo. In hac habitasse platea dictumst. Etiam faucibus cursus urna. Ut tellus. Nulla ut erat id mauris vulputate elementum. Nullam varius. Nulla facilisi. Cras non velit nec nisi vulputate nonummy. Maecenas tincidunt lacus at velit. Vivamus vel nulla eget eros elementum pellentesque. Quisque porta volutpat erat. Quisque erat eros, viverra eget, congue eget, semper rutrum, nulla. Nunc purus.');
insert into authors (id, first_name, last_name, description) values (17, 'Nevile', 'Stobie', 'Nulla ac enim. In tempor, turpis nec euismod scelerisque, quam turpis adipiscing lorem, vitae mattis nibh ligula nec sem. Duis aliquam convallis nunc. Proin at turpis a pede posuere nonummy. Integer non velit. Donec diam neque, vestibulum eget, vulputate ut, ultrices vel, augue. Vestibulum ante ipsum primis in faucibus orci luctus et ultrices posuere cubilia Curae; Donec pharetra, magna vestibulum aliquet ultrices, erat tortor sollicitudin mi, sit amet lobortis sapien sapien non mi. Integer ac neque. Duis bibendum. Morbi non quam nec dui luctus rutrum. Nulla tellus. In sagittis dui vel nisl. Duis ac nibh. Fusce lacus purus, aliquet at, feugiat non, pretium quis, lectus. Suspendisse potenti. In eleifend quam a odio. In hac habitasse platea dictumst. Maecenas ut massa quis augue luctus tincidunt.');
insert into authors (id, first_name, last_name, description) values (18, 'Helaine', 'Moverley', 'Donec ut dolor. Morbi vel lectus in quam fringilla rhoncus. Mauris enim leo, rhoncus sed, vestibulum sit amet, cursus id, turpis. Integer aliquet, massa id lobortis convallis, tortor risus dapibus augue, vel accumsan tellus nisi eu orci. Mauris lacinia sapien quis libero. Nullam sit amet turpis elementum ligula vehicula consequat. Morbi a ipsum. Integer a nibh. In quis justo. Maecenas rhoncus aliquam lacus. Morbi quis tortor id nulla ultrices aliquet. Maecenas leo odio, condimentum id, luctus nec, molestie sed, justo.');
insert into authors (id, first_name, last_name, description) values (19, 'Cleopatra', 'Ollett', 'Fusce consequat. Nulla nisl. Nunc nisl. Duis bibendum, felis sed interdum venenatis, turpis enim blandit mi, in porttitor pede justo eu massa. Donec dapibus. Duis at velit eu est congue elementum. In hac habitasse platea dictumst. Morbi vestibulum, velit id pretium iaculis, diam erat fermentum justo, nec condimentum neque sapien placerat ante. Nulla justo. Aliquam quis turpis eget elit sodales scelerisque. Mauris sit amet eros. Suspendisse accumsan tortor quis turpis. Sed ante. Vivamus tortor. Duis mattis egestas metus. Aenean fermentum. Donec ut mauris eget massa tempor convallis. Nulla neque libero, convallis eget, eleifend luctus, ultricies eu, nibh. Quisque id justo sit amet sapien dignissim vestibulum.');
insert into authors (id, first_name, last_name, description) values (20, 'Skipp', 'Leif', 'Praesent blandit. Nam nulla. Integer pede justo, lacinia eget, tincidunt eget, tempus vel, pede. Morbi porttitor lorem id ligula. Suspendisse ornare consequat lectus. In est risus, auctor sed, tristique in, tempus sit amet, sem. Fusce consequat. Nulla nisl. Nunc nisl. Duis bibendum, felis sed interdum venenatis, turpis enim blandit mi, in porttitor pede justo eu massa. Donec dapibus. Duis at velit eu est congue elementum. In hac habitasse platea dictumst. Morbi vestibulum, velit id pretium iaculis, diam erat fermentum justo, nec condimentum neque sapien placerat ante. Nulla justo. Aliquam quis turpis eget elit sodales scelerisque. Mauris sit amet eros. Suspendisse accumsan tortor quis turpis.');
insert into authors (id, first_name, last_name, description) values (21, 'Joseph', 'Kearley', 'Cras in purus eu magna vulputate luctus. Cum sociis natoque penatibus et magnis dis parturient montes, nascetur ridiculus mus. Vivamus vestibulum sagittis sapien. Cum sociis natoque penatibus et magnis dis parturient montes, nascetur ridiculus mus. Etiam vel augue. Vestibulum rutrum rutrum neque. Aenean auctor gravida sem. Praesent id massa id nisl venenatis lacinia. Aenean sit amet justo. Morbi ut odio. Cras mi pede, malesuada in, imperdiet et, commodo vulputate, justo. In blandit ultrices enim. Lorem ipsum dolor sit amet, consectetuer adipiscing elit. Proin interdum mauris non ligula pellentesque ultrices. Phasellus id sapien in sapien iaculis congue. Vivamus metus arcu, adipiscing molestie, hendrerit at, vulputate vitae, nisl. Aenean lectus. Pellentesque eget nunc.');

insert into tags (id, tag) values (1, 'современная литература');
insert into tags (id, tag) values (2, 'классическая литература');
insert into tags (id, tag) values (3, 'зарубежная литература');
insert into tags (id, tag) values (4, 'фэнтези');
insert into tags (id, tag) values (5, 'английская литература');
insert into tags (id, tag) values (6, 'русская литература');
insert into tags (id, tag) values (7, 'американская литература');
insert into tags (id, tag) values (8, 'фантастика');
insert into tags (id, tag) values (9, 'детская литература');
insert into tags (id, tag) values (10, 'детектив');
insert into tags (id, tag) values (11, 'любовь');
insert into tags (id, tag) values (12, 'мистика');
insert into tags (id, tag) values (13, 'юмор');
insert into tags (id, tag) values (14, 'приключения');
insert into tags (id, tag) values (15, 'сказка');
insert into tags (id, tag) values (16, 'французская литература');
insert into tags (id, tag) values (17, 'англия');
insert into tags (id, tag) values (18, 'художественная литература');
insert into tags (id, tag) values (19, 'психология');
insert into tags (id, tag) values (20, 'философия');
insert into tags (id, tag) values (21, 'экранизировано');
insert into tags (id, tag) values (22, 'любимое');
insert into tags (id, tag) values (23, 'антиутопия');
insert into tags (id, tag) values (24, 'books you must read before you die');
insert into tags (id, tag) values (25, 'роман');
insert into tags (id, tag) values (26, 'франция');
insert into tags (id, tag) values (27, 'дайте две');
insert into tags (id, tag) values (28, 'young adult');
insert into tags (id, tag) values (29, 'война');
insert into tags (id, tag) values (30, 'история');
insert into tags (id, tag) values (31, 'флэшмоб 2016');
insert into tags (id, tag) values (32, 'детство');
insert into tags (id, tag) values (33, 'жизнь');
insert into tags (id, tag) values (34, 'драма');
insert into tags (id, tag) values (35, 'россия');
insert into tags (id, tag) values (36, 'книжное путешествие');
insert into tags (id, tag) values (37, 'советская литература');
insert into tags (id, tag) values (38, 'триллер');
insert into tags (id, tag) values (39, 'америка');
insert into tags (id, tag) values (40, 'немецкая литература');
insert into tags (id, tag) values (41, 'вампиры');
insert into tags (id, tag) values (42, 'школьная программа');
insert into tags (id, tag) values (43, 'рассказы');
insert into tags (id, tag) values (44, 'магия');
insert into tags (id, tag) values (45, 'дети');
insert into tags (id, tag) values (46, 'русская классика');
insert into tags (id, tag) values (47, 'флэшмоб 2015');
insert into tags (id, tag) values (48, 'биография');
insert into tags (id, tag) values (49, 'english');

insert into books (id, pub_date, is_bestseller, slug, title, image, description, price, discount, kept, cart, bought, author_id, tag_id) values (1, '2018/01/05', 1, 'book-yus-901', 'Sonsing', 'http://dummyimage.com/167x100.png/ff4444/ffffff', 'Praesent id massa id nisl venenatis lacinia.', 190, 0.14, 16, 1, 59, 8, 35);
insert into books (id, pub_date, is_bestseller, slug, title, image, description, price, discount, kept, cart, bought, author_id, tag_id) values (2, '2015/11/15', 1, 'book-utd-269', 'Zaam-Dox', 'http://dummyimage.com/151x100.png/ff4444/ffffff', 'Etiam faucibus cursus urna.', 2397, 0.08, 21, 13, 319, 6, 37);
insert into books (id, pub_date, is_bestseller, slug, title, image, description, price, discount, kept, cart, bought, author_id, tag_id) values (3, '2021/08/03', 0, 'book-ijf-701', 'Regrant', 'http://dummyimage.com/110x100.png/5fa2dd/ffffff', 'Proin eu mi. Nulla ac enim.', 1302, 0.11, 30, 78, 31, 20, 28);
insert into books (id, pub_date, is_bestseller, slug, title, image, description, price, discount, kept, cart, bought, author_id, tag_id) values (4, '2019/09/29', 0, 'book-mim-465', 'Lotstring', 'http://dummyimage.com/234x100.png/5fa2dd/ffffff', 'Ut tellus. Nulla ut erat id mauris vulputate elementum.', 549, 0.45, 9, 57, 127, 21, 36);
insert into books (id, pub_date, is_bestseller, slug, title, image, description, price, discount, kept, cart, bought, author_id, tag_id) values (5, '2020/01/17', 0, 'book-axi-956', 'Ronstring', 'http://dummyimage.com/126x100.png/ff4444/ffffff', 'Etiam pretium iaculis justo. In hac habitasse platea dictumst.', 1823, 0.41, 15, 50, 313, 10, 1);
insert into books (id, pub_date, is_bestseller, slug, title, image, description, price, discount, kept, cart, bought, author_id, tag_id) values (6, '2007/03/13', 1, 'book-ifz-615', 'Duobam', 'http://dummyimage.com/167x100.png/ff4444/ffffff', 'Nam nulla. Integer pede justo, lacinia eget, tincidunt eget, tempus vel, pede.', 812, 0.11, 93, 80, 301, 4, 19);
insert into books (id, pub_date, is_bestseller, slug, title, image, description, price, discount, kept, cart, bought, author_id, tag_id) values (7, '2008/09/09', 0, 'book-dsd-423', 'Asoka', 'http://dummyimage.com/228x100.png/ff4444/ffffff', 'Suspendisse potenti. In eleifend quam a odio.', 826, 0.25, 77, 4, 442, 4, 35);
insert into books (id, pub_date, is_bestseller, slug, title, image, description, price, discount, kept, cart, bought, author_id, tag_id) values (8, '2007/05/18', 0, 'book-gpe-690', 'Namfix', 'http://dummyimage.com/122x100.png/cc0000/ffffff', 'Morbi porttitor lorem id ligula. Suspendisse ornare consequat lectus.', 977, 0.22, 40, 7, 484, 9, 46);
insert into books (id, pub_date, is_bestseller, slug, title, image, description, price, discount, kept, cart, bought, author_id, tag_id) values (9, '2007/02/04', 0, 'book-vxz-513', 'Span', 'http://dummyimage.com/130x100.png/cc0000/ffffff', 'Vestibulum ante ipsum primis in faucibus orci luctus et ultrices posuere cubilia Curae; Nulla dapibus dolor vel est. Donec odio justo, sollicitudin ut, suscipit a, feugiat et, eros.', 1827, 0.09, 80, 80, 260, 15, 10);
insert into books (id, pub_date, is_bestseller, slug, title, image, description, price, discount, kept, cart, bought, author_id, tag_id) values (10, '2015/05/25', 0, 'book-dnd-409', 'Overhold', 'http://dummyimage.com/217x100.png/cc0000/ffffff', 'Proin leo odio, porttitor id, consequat in, consequat ut, nulla.', 2499, 0.27, 108, 42, 492, 18, 33);
insert into books (id, pub_date, is_bestseller, slug, title, image, description, price, discount, kept, cart, bought, author_id, tag_id) values (11, '2008/06/19', 1, 'book-fub-135', 'Matsoft', 'http://dummyimage.com/220x100.png/5fa2dd/ffffff', 'Vestibulum ante ipsum primis in faucibus orci luctus et ultrices posuere cubilia Curae; Duis faucibus accumsan odio. Curabitur convallis.', 2468, 0.16, 135, 26, 357, 16, 46);
insert into books (id, pub_date, is_bestseller, slug, title, image, description, price, discount, kept, cart, bought, author_id, tag_id) values (12, '2013/11/05', 0, 'book-zly-496', 'Matsoft', 'http://dummyimage.com/137x100.png/5fa2dd/ffffff', 'Cras in purus eu magna vulputate luctus.', 314, 0.26, 60, 33, 273, 6, 10);
insert into books (id, pub_date, is_bestseller, slug, title, image, description, price, discount, kept, cart, bought, author_id, tag_id) values (13, '2021/07/25', 1, 'book-gaz-061', 'Treeflex', 'http://dummyimage.com/234x100.png/5fa2dd/ffffff', 'Vestibulum quam sapien, varius ut, blandit non, interdum in, ante. Vestibulum ante ipsum primis in faucibus orci luctus et ultrices posuere cubilia Curae; Duis faucibus accumsan odio.', 1275, 0.37, 53, 54, 74, 13, 33);
insert into books (id, pub_date, is_bestseller, slug, title, image, description, price, discount, kept, cart, bought, author_id, tag_id) values (14, '2005/12/31', 0, 'book-ehm-670', 'Ventosanzap', 'http://dummyimage.com/187x100.png/cc0000/ffffff', 'Nulla nisl.', 1847, 0.46, 147, 34, 101, 13, 11);
insert into books (id, pub_date, is_bestseller, slug, title, image, description, price, discount, kept, cart, bought, author_id, tag_id) values (15, '2013/08/03', 0, 'book-why-162', 'Zontrax', 'http://dummyimage.com/157x100.png/5fa2dd/ffffff', 'In tempor, turpis nec euismod scelerisque, quam turpis adipiscing lorem, vitae mattis nibh ligula nec sem.', 408, 0.07, 62, 69, 227, 7, 31);
insert into books (id, pub_date, is_bestseller, slug, title, image, description, price, discount, kept, cart, bought, author_id, tag_id) values (16, '2021/07/17', 1, 'book-tga-714', 'Stim', 'http://dummyimage.com/116x100.png/5fa2dd/ffffff', 'Nunc nisl.', 1975, 0.41, 89, 28, 12, 15, 4);
insert into books (id, pub_date, is_bestseller, slug, title, image, description, price, discount, kept, cart, bought, author_id, tag_id) values (17, '2014/08/01', 1, 'book-fyx-504', 'Quo Lux', 'http://dummyimage.com/190x100.png/ff4444/ffffff', 'Morbi a ipsum.', 1745, 0.29, 4, 44, 488, 17, 39);
insert into books (id, pub_date, is_bestseller, slug, title, image, description, price, discount, kept, cart, bought, author_id, tag_id) values (18, '2017/11/15', 1, 'book-kzd-944', 'Prodder', 'http://dummyimage.com/116x100.png/ff4444/ffffff', 'Duis aliquam convallis nunc. Proin at turpis a pede posuere nonummy.', 463, 0.35, 121, 70, 78, 3, 41);
insert into books (id, pub_date, is_bestseller, slug, title, image, description, price, discount, kept, cart, bought, author_id, tag_id) values (19, '2007/10/13', 1, 'book-wwe-734', 'Overhold', 'http://dummyimage.com/233x100.png/ff4444/ffffff', 'Integer ac neque. Duis bibendum.', 574, 0.18, 72, 76, 187, 5, 39);
insert into books (id, pub_date, is_bestseller, slug, title, image, description, price, discount, kept, cart, bought, author_id, tag_id) values (20, '2019/04/15', 1, 'book-aft-932', 'Alphazap', 'http://dummyimage.com/136x100.png/dddddd/000000', 'Nulla facilisi.', 1924, 0.07, 141, 34, 155, 9, 9);
insert into books (id, pub_date, is_bestseller, slug, title, image, description, price, discount, kept, cart, bought, author_id, tag_id) values (21, '2017/09/23', 0, 'book-ckh-999', 'Andalax', 'http://dummyimage.com/111x100.png/cc0000/ffffff', 'Morbi sem mauris, laoreet ut, rhoncus aliquet, pulvinar sed, nisl. Nunc rhoncus dui vel sem.', 2436, 0.32, 86, 50, 411, 7, 22);
insert into books (id, pub_date, is_bestseller, slug, title, image, description, price, discount, kept, cart, bought, author_id, tag_id) values (22, '2006/07/27', 1, 'book-qtp-174', 'Aerified', 'http://dummyimage.com/134x100.png/dddddd/000000', 'Maecenas rhoncus aliquam lacus.', 634, 0.48, 111, 72, 314, 6, 35);
insert into books (id, pub_date, is_bestseller, slug, title, image, description, price, discount, kept, cart, bought, author_id, tag_id) values (23, '2017/07/20', 1, 'book-bpx-414', 'Transcof', 'http://dummyimage.com/174x100.png/dddddd/000000', 'Sed ante.', 187, 0.18, 123, 53, 73, 15, 7);
insert into books (id, pub_date, is_bestseller, slug, title, image, description, price, discount, kept, cart, bought, author_id, tag_id) values (24, '2014/07/15', 0, 'book-cbf-068', 'Matsoft', 'http://dummyimage.com/178x100.png/5fa2dd/ffffff', 'Vestibulum ante ipsum primis in faucibus orci luctus et ultrices posuere cubilia Curae; Donec pharetra, magna vestibulum aliquet ultrices, erat tortor sollicitudin mi, sit amet lobortis sapien sapien non mi.', 2282, 0.36, 2, 1, 32, 13, 43);
insert into books (id, pub_date, is_bestseller, slug, title, image, description, price, discount, kept, cart, bought, author_id, tag_id) values (25, '2020/08/27', 0, 'book-nqy-211', 'Sonair', 'http://dummyimage.com/116x100.png/5fa2dd/ffffff', 'Mauris sit amet eros.', 2330, 0.09, 106, 40, 419, 7, 30);
insert into books (id, pub_date, is_bestseller, slug, title, image, description, price, discount, kept, cart, bought, author_id, tag_id) values (26, '2005/12/18', 0, 'book-uff-223', 'Veribet', 'http://dummyimage.com/230x100.png/ff4444/ffffff', 'Nullam molestie nibh in lectus. Pellentesque at nulla.', 2403, 0.12, 24, 79, 384, 18, 41);
insert into books (id, pub_date, is_bestseller, slug, title, image, description, price, discount, kept, cart, bought, author_id, tag_id) values (27, '2021/03/14', 0, 'book-ojo-249', 'Alphazap', 'http://dummyimage.com/112x100.png/ff4444/ffffff', 'Nulla suscipit ligula in lacus.', 509, 0.1, 146, 12, 290, 11, 24);
insert into books (id, pub_date, is_bestseller, slug, title, image, description, price, discount, kept, cart, bought, author_id, tag_id) values (28, '2008/08/12', 0, 'book-knv-592', 'Prodder', 'http://dummyimage.com/193x100.png/5fa2dd/ffffff', 'Duis consequat dui nec nisi volutpat eleifend. Donec ut dolor.', 1255, 0.38, 20, 34, 22, 3, 32);
insert into books (id, pub_date, is_bestseller, slug, title, image, description, price, discount, kept, cart, bought, author_id, tag_id) values (29, '2013/03/06', 0, 'book-kcq-694', 'Gembucket', 'http://dummyimage.com/153x100.png/dddddd/000000', 'Praesent blandit lacinia erat.', 1260, 0.33, 127, 53, 284, 20, 34);
insert into books (id, pub_date, is_bestseller, slug, title, image, description, price, discount, kept, cart, bought, author_id, tag_id) values (30, '2016/09/15', 1, 'book-xhp-149', 'Voltsillam', 'http://dummyimage.com/192x100.png/ff4444/ffffff', 'Curabitur convallis.', 2389, 0.1, 134, 23, 207, 12, 14);
insert into books (id, pub_date, is_bestseller, slug, title, image, description, price, discount, kept, cart, bought, author_id, tag_id) values (31, '2007/03/04', 1, 'book-ojw-591', 'Tres-Zap', 'http://dummyimage.com/143x100.png/5fa2dd/ffffff', 'Nulla tellus. In sagittis dui vel nisl.', 1877, 0.08, 67, 46, 121, 14, 35);
insert into books (id, pub_date, is_bestseller, slug, title, image, description, price, discount, kept, cart, bought, author_id, tag_id) values (32, '2017/04/22', 0, 'book-uwh-320', 'Alphazap', 'http://dummyimage.com/163x100.png/ff4444/ffffff', 'Cras non velit nec nisi vulputate nonummy. Maecenas tincidunt lacus at velit.', 2386, 0.32, 11, 46, 14, 17, 4);
insert into books (id, pub_date, is_bestseller, slug, title, image, description, price, discount, kept, cart, bought, author_id, tag_id) values (33, '2011/12/10', 1, 'book-rrq-248', 'Veribet', 'http://dummyimage.com/165x100.png/dddddd/000000', 'Quisque arcu libero, rutrum ac, lobortis vel, dapibus at, diam. Nam tristique tortor eu pede.', 2392, 0.27, 146, 57, 14, 18, 6);
insert into books (id, pub_date, is_bestseller, slug, title, image, description, price, discount, kept, cart, bought, author_id, tag_id) values (34, '2008/08/31', 0, 'book-gax-827', 'Solarbreeze', 'http://dummyimage.com/153x100.png/ff4444/ffffff', 'In est risus, auctor sed, tristique in, tempus sit amet, sem. Fusce consequat.', 2204, 0.39, 119, 12, 355, 5, 32);
insert into books (id, pub_date, is_bestseller, slug, title, image, description, price, discount, kept, cart, bought, author_id, tag_id) values (35, '2018/07/22', 1, 'book-dag-012', 'Transcof', 'http://dummyimage.com/219x100.png/ff4444/ffffff', 'Morbi quis tortor id nulla ultrices aliquet.', 1501, 0.3, 25, 1, 19, 20, 18);
insert into books (id, pub_date, is_bestseller, slug, title, image, description, price, discount, kept, cart, bought, author_id, tag_id) values (36, '2015/09/28', 1, 'book-gvb-069', 'Redhold', 'http://dummyimage.com/169x100.png/cc0000/ffffff', 'In congue.', 1353, 0.26, 130, 3, 227, 16, 13);
insert into books (id, pub_date, is_bestseller, slug, title, image, description, price, discount, kept, cart, bought, author_id, tag_id) values (37, '2015/06/30', 0, 'book-blv-835', 'Flowdesk', 'http://dummyimage.com/250x100.png/ff4444/ffffff', 'Morbi a ipsum. Integer a nibh.', 1420, 0.23, 64, 11, 475, 12, 45);
insert into books (id, pub_date, is_bestseller, slug, title, image, description, price, discount, kept, cart, bought, author_id, tag_id) values (38, '2011/08/20', 1, 'book-wso-612', 'Namfix', 'http://dummyimage.com/236x100.png/cc0000/ffffff', 'In eleifend quam a odio. In hac habitasse platea dictumst.', 2342, 0.13, 122, 41, 266, 5, 43);
insert into books (id, pub_date, is_bestseller, slug, title, image, description, price, discount, kept, cart, bought, author_id, tag_id) values (39, '2006/11/06', 0, 'book-kuq-317', 'Daltfresh', 'http://dummyimage.com/110x100.png/dddddd/000000', 'Vestibulum sed magna at nunc commodo placerat. Praesent blandit.', 706, 0.17, 8, 74, 22, 15, 5);
insert into books (id, pub_date, is_bestseller, slug, title, image, description, price, discount, kept, cart, bought, author_id, tag_id) values (40, '2018/05/17', 0, 'book-tqc-102', 'Pannier', 'http://dummyimage.com/180x100.png/cc0000/ffffff', 'Nunc purus. Phasellus in felis.', 1159, 0.12, 134, 7, 270, 16, 19);
insert into books (id, pub_date, is_bestseller, slug, title, image, description, price, discount, kept, cart, bought, author_id, tag_id) values (41, '2009/03/25', 0, 'book-uhm-997', 'Gembucket', 'http://dummyimage.com/184x100.png/dddddd/000000', 'Nullam molestie nibh in lectus. Pellentesque at nulla.', 1223, 0.43, 41, 51, 450, 16, 27);
insert into books (id, pub_date, is_bestseller, slug, title, image, description, price, discount, kept, cart, bought, author_id, tag_id) values (42, '2012/01/21', 0, 'book-fzo-187', 'Solarbreeze', 'http://dummyimage.com/234x100.png/cc0000/ffffff', 'Nam ultrices, libero non mattis pulvinar, nulla pede ullamcorper augue, a suscipit nulla elit ac nulla. Sed vel enim sit amet nunc viverra dapibus.', 401, 0.25, 56, 28, 486, 6, 2);
insert into books (id, pub_date, is_bestseller, slug, title, image, description, price, discount, kept, cart, bought, author_id, tag_id) values (43, '2008/09/17', 0, 'book-jve-888', 'Zaam-Dox', 'http://dummyimage.com/240x100.png/dddddd/000000', 'Morbi sem mauris, laoreet ut, rhoncus aliquet, pulvinar sed, nisl. Nunc rhoncus dui vel sem.', 1125, 0.41, 57, 2, 77, 5, 17);
insert into books (id, pub_date, is_bestseller, slug, title, image, description, price, discount, kept, cart, bought, author_id, tag_id) values (44, '2009/11/28', 1, 'book-vyi-874', 'Span', 'http://dummyimage.com/218x100.png/cc0000/ffffff', 'Integer non velit.', 274, 0.09, 143, 30, 295, 6, 41);
insert into books (id, pub_date, is_bestseller, slug, title, image, description, price, discount, kept, cart, bought, author_id, tag_id) values (45, '2011/10/14', 0, 'book-dyr-232', 'Fixflex', 'http://dummyimage.com/209x100.png/5fa2dd/ffffff', 'Integer tincidunt ante vel ipsum.', 1714, 0.13, 93, 4, 174, 16, 49);
insert into books (id, pub_date, is_bestseller, slug, title, image, description, price, discount, kept, cart, bought, author_id, tag_id) values (46, '2019/03/28', 0, 'book-egc-843', 'Y-find', 'http://dummyimage.com/149x100.png/5fa2dd/ffffff', 'Aenean lectus. Pellentesque eget nunc.', 2135, 0.25, 47, 24, 408, 4, 48);
insert into books (id, pub_date, is_bestseller, slug, title, image, description, price, discount, kept, cart, bought, author_id, tag_id) values (47, '2006/08/03', 1, 'book-ghx-926', 'Bitchip', 'http://dummyimage.com/185x100.png/cc0000/ffffff', 'Integer aliquet, massa id lobortis convallis, tortor risus dapibus augue, vel accumsan tellus nisi eu orci. Mauris lacinia sapien quis libero.', 2337, 0.38, 30, 39, 380, 3, 25);
insert into books (id, pub_date, is_bestseller, slug, title, image, description, price, discount, kept, cart, bought, author_id, tag_id) values (48, '2019/03/16', 1, 'book-rja-134', 'Tampflex', 'http://dummyimage.com/205x100.png/ff4444/ffffff', 'Donec quis orci eget orci vehicula condimentum. Curabitur in libero ut massa volutpat convallis.', 880, 0.23, 40, 31, 62, 15, 27);
insert into books (id, pub_date, is_bestseller, slug, title, image, description, price, discount, kept, cart, bought, author_id, tag_id) values (49, '2012/12/14', 0, 'book-ffb-295', 'Fixflex', 'http://dummyimage.com/242x100.png/cc0000/ffffff', 'Morbi a ipsum. Integer a nibh.', 343, 0.25, 110, 69, 397, 16, 18);
insert into books (id, pub_date, is_bestseller, slug, title, image, description, price, discount, kept, cart, bought, author_id, tag_id) values (50, '2017/10/26', 1, 'book-obe-302', 'Solarbreeze', 'http://dummyimage.com/185x100.png/5fa2dd/ffffff', 'Proin eu mi.', 2475, 0.2, 79, 9, 169, 20, 42);
insert into books (id, pub_date, is_bestseller, slug, title, image, description, price, discount, kept, cart, bought, author_id, tag_id) values (51, '2015/10/26', 0, 'book-bta-747', 'Gembucket', 'http://dummyimage.com/226x100.png/5fa2dd/ffffff', 'In blandit ultrices enim. Lorem ipsum dolor sit amet, consectetuer adipiscing elit.', 935, 0.08, 133, 44, 388, 10, 40);
insert into books (id, pub_date, is_bestseller, slug, title, image, description, price, discount, kept, cart, bought, author_id, tag_id) values (52, '2015/01/26', 1, 'book-mhs-213', 'Stronghold', 'http://dummyimage.com/206x100.png/cc0000/ffffff', 'In hac habitasse platea dictumst. Maecenas ut massa quis augue luctus tincidunt.', 2213, 0.1, 53, 76, 297, 15, 35);
insert into books (id, pub_date, is_bestseller, slug, title, image, description, price, discount, kept, cart, bought, author_id, tag_id) values (53, '2016/01/15', 0, 'book-ftl-833', 'Zontrax', 'http://dummyimage.com/113x100.png/ff4444/ffffff', 'In est risus, auctor sed, tristique in, tempus sit amet, sem.', 2085, 0.35, 114, 70, 358, 2, 23);
insert into books (id, pub_date, is_bestseller, slug, title, image, description, price, discount, kept, cart, bought, author_id, tag_id) values (54, '2007/07/10', 1, 'book-ycr-557', 'Konklux', 'http://dummyimage.com/204x100.png/dddddd/000000', 'Duis aliquam convallis nunc. Proin at turpis a pede posuere nonummy.', 1472, 0.15, 99, 17, 112, 7, 32);
insert into books (id, pub_date, is_bestseller, slug, title, image, description, price, discount, kept, cart, bought, author_id, tag_id) values (55, '2022/04/27', 0, 'book-iwm-794', 'Vagram', 'http://dummyimage.com/203x100.png/cc0000/ffffff', 'Cras non velit nec nisi vulputate nonummy. Maecenas tincidunt lacus at velit.', 2226, 0.17, 149, 26, 221, 17, 28);
insert into books (id, pub_date, is_bestseller, slug, title, image, description, price, discount, kept, cart, bought, author_id, tag_id) values (56, '2020/10/29', 1, 'book-xkn-739', 'Fix San', 'http://dummyimage.com/125x100.png/cc0000/ffffff', 'Donec semper sapien a libero. Nam dui.', 180, 0.47, 54, 78, 197, 11, 44);
insert into books (id, pub_date, is_bestseller, slug, title, image, description, price, discount, kept, cart, bought, author_id, tag_id) values (57, '2021/12/23', 1, 'book-jnu-558', 'Rank', 'http://dummyimage.com/212x100.png/5fa2dd/ffffff', 'Praesent lectus. Vestibulum quam sapien, varius ut, blandit non, interdum in, ante.', 470, 0.43, 58, 75, 201, 12, 4);
insert into books (id, pub_date, is_bestseller, slug, title, image, description, price, discount, kept, cart, bought, author_id, tag_id) values (58, '2013/04/04', 1, 'book-bks-497', 'Regrant', 'http://dummyimage.com/249x100.png/ff4444/ffffff', 'Mauris enim leo, rhoncus sed, vestibulum sit amet, cursus id, turpis. Integer aliquet, massa id lobortis convallis, tortor risus dapibus augue, vel accumsan tellus nisi eu orci.', 899, 0.11, 20, 52, 424, 2, 33);
insert into books (id, pub_date, is_bestseller, slug, title, image, description, price, discount, kept, cart, bought, author_id, tag_id) values (59, '2007/07/24', 1, 'book-ytt-451', 'Transcof', 'http://dummyimage.com/133x100.png/5fa2dd/ffffff', 'Morbi non lectus.', 719, 0.49, 115, 10, 271, 6, 9);
insert into books (id, pub_date, is_bestseller, slug, title, image, description, price, discount, kept, cart, bought, author_id, tag_id) values (60, '2022/04/22', 1, 'book-ymw-154', 'Y-Solowarm', 'http://dummyimage.com/131x100.png/cc0000/ffffff', 'Praesent blandit. Nam nulla.', 618, 0.48, 138, 60, 385, 10, 12);
insert into books (id, pub_date, is_bestseller, slug, title, image, description, price, discount, kept, cart, bought, author_id, tag_id) values (61, '2022/06/20', 0, 'book-gnx-907', 'Job', 'http://dummyimage.com/218x100.png/ff4444/ffffff', 'Aliquam non mauris. Morbi non lectus.', 814, 0.37, 51, 71, 461, 2, 35);
insert into books (id, pub_date, is_bestseller, slug, title, image, description, price, discount, kept, cart, bought, author_id, tag_id) values (62, '2019/09/07', 1, 'book-pil-226', 'Stronghold', 'http://dummyimage.com/170x100.png/cc0000/ffffff', 'Etiam faucibus cursus urna.', 237, 0.1, 88, 22, 245, 6, 21);
insert into books (id, pub_date, is_bestseller, slug, title, image, description, price, discount, kept, cart, bought, author_id, tag_id) values (63, '2019/11/16', 1, 'book-qpl-943', 'Quo Lux', 'http://dummyimage.com/218x100.png/dddddd/000000', 'Etiam justo.', 421, 0.14, 58, 10, 17, 5, 12);
insert into books (id, pub_date, is_bestseller, slug, title, image, description, price, discount, kept, cart, bought, author_id, tag_id) values (64, '2013/08/20', 0, 'book-qvr-463', 'Stringtough', 'http://dummyimage.com/118x100.png/dddddd/000000', 'Duis mattis egestas metus. Aenean fermentum.', 2487, 0.27, 16, 51, 167, 21, 15);
insert into books (id, pub_date, is_bestseller, slug, title, image, description, price, discount, kept, cart, bought, author_id, tag_id) values (65, '2013/02/05', 0, 'book-eqw-008', 'Latlux', 'http://dummyimage.com/167x100.png/5fa2dd/ffffff', 'Aenean auctor gravida sem.', 303, 0.08, 128, 16, 27, 4, 9);
insert into books (id, pub_date, is_bestseller, slug, title, image, description, price, discount, kept, cart, bought, author_id, tag_id) values (66, '2014/09/23', 1, 'book-dka-442', 'Tin', 'http://dummyimage.com/212x100.png/5fa2dd/ffffff', 'Nullam sit amet turpis elementum ligula vehicula consequat. Morbi a ipsum.', 1185, 0.16, 139, 45, 116, 7, 43);
insert into books (id, pub_date, is_bestseller, slug, title, image, description, price, discount, kept, cart, bought, author_id, tag_id) values (67, '2022/03/19', 1, 'book-dqh-490', 'Y-Solowarm', 'http://dummyimage.com/152x100.png/ff4444/ffffff', 'Integer ac neque.', 1682, 0.44, 23, 29, 281, 1, 19);
insert into books (id, pub_date, is_bestseller, slug, title, image, description, price, discount, kept, cart, bought, author_id, tag_id) values (68, '2009/04/15', 0, 'book-jem-996', 'Y-Solowarm', 'http://dummyimage.com/183x100.png/cc0000/ffffff', 'In sagittis dui vel nisl. Duis ac nibh.', 1075, 0.48, 115, 26, 72, 12, 14);
insert into books (id, pub_date, is_bestseller, slug, title, image, description, price, discount, kept, cart, bought, author_id, tag_id) values (69, '2015/05/03', 1, 'book-prf-338', 'Keylex', 'http://dummyimage.com/121x100.png/dddddd/000000', 'Suspendisse accumsan tortor quis turpis.', 152, 0.16, 107, 32, 338, 18, 36);
insert into books (id, pub_date, is_bestseller, slug, title, image, description, price, discount, kept, cart, bought, author_id, tag_id) values (70, '2010/12/01', 0, 'book-xpy-715', 'Y-find', 'http://dummyimage.com/122x100.png/cc0000/ffffff', 'Nulla ac enim.', 2301, 0.42, 18, 18, 315, 5, 9);
insert into books (id, pub_date, is_bestseller, slug, title, image, description, price, discount, kept, cart, bought, author_id, tag_id) values (71, '2020/12/06', 0, 'book-wqr-090', 'Solarbreeze', 'http://dummyimage.com/184x100.png/dddddd/000000', 'Mauris sit amet eros. Suspendisse accumsan tortor quis turpis.', 548, 0.05, 133, 44, 108, 1, 30);
insert into books (id, pub_date, is_bestseller, slug, title, image, description, price, discount, kept, cart, bought, author_id, tag_id) values (72, '2016/09/11', 1, 'book-mox-921', 'Matsoft', 'http://dummyimage.com/168x100.png/ff4444/ffffff', 'Vivamus vel nulla eget eros elementum pellentesque.', 2348, 0.09, 105, 49, 484, 18, 26);
insert into books (id, pub_date, is_bestseller, slug, title, image, description, price, discount, kept, cart, bought, author_id, tag_id) values (73, '2017/11/26', 0, 'book-glp-410', 'Zamit', 'http://dummyimage.com/191x100.png/dddddd/000000', 'Cras non velit nec nisi vulputate nonummy.', 516, 0.28, 32, 40, 86, 3, 34);
insert into books (id, pub_date, is_bestseller, slug, title, image, description, price, discount, kept, cart, bought, author_id, tag_id) values (74, '2014/10/18', 0, 'book-dgg-515', 'Flexidy', 'http://dummyimage.com/141x100.png/5fa2dd/ffffff', 'Nam nulla.', 822, 0.21, 57, 52, 61, 10, 4);
insert into books (id, pub_date, is_bestseller, slug, title, image, description, price, discount, kept, cart, bought, author_id, tag_id) values (75, '2015/07/04', 0, 'book-sws-232', 'Tin', 'http://dummyimage.com/250x100.png/5fa2dd/ffffff', 'Suspendisse potenti.', 353, 0.3, 40, 51, 231, 2, 1);
insert into books (id, pub_date, is_bestseller, slug, title, image, description, price, discount, kept, cart, bought, author_id, tag_id) values (76, '2006/08/07', 0, 'book-gke-291', 'Y-Solowarm', 'http://dummyimage.com/199x100.png/ff4444/ffffff', 'Nulla mollis molestie lorem.', 1409, 0.37, 112, 6, 476, 17, 9);
insert into books (id, pub_date, is_bestseller, slug, title, image, description, price, discount, kept, cart, bought, author_id, tag_id) values (77, '2011/04/01', 0, 'book-hkr-151', 'Tresom', 'http://dummyimage.com/201x100.png/ff4444/ffffff', 'Nam ultrices, libero non mattis pulvinar, nulla pede ullamcorper augue, a suscipit nulla elit ac nulla.', 2240, 0.06, 104, 63, 406, 10, 2);
insert into books (id, pub_date, is_bestseller, slug, title, image, description, price, discount, kept, cart, bought, author_id, tag_id) values (78, '2007/08/16', 0, 'book-qlw-188', 'Cookley', 'http://dummyimage.com/226x100.png/cc0000/ffffff', 'Etiam justo.', 167, 0.41, 83, 20, 194, 19, 8);
insert into books (id, pub_date, is_bestseller, slug, title, image, description, price, discount, kept, cart, bought, author_id, tag_id) values (79, '2014/08/28', 0, 'book-pqm-086', 'Lotlux', 'http://dummyimage.com/239x100.png/dddddd/000000', 'Duis ac nibh.', 1367, 0.28, 38, 18, 485, 15, 24);
insert into books (id, pub_date, is_bestseller, slug, title, image, description, price, discount, kept, cart, bought, author_id, tag_id) values (80, '2008/02/12', 0, 'book-lqs-184', 'Zaam-Dox', 'http://dummyimage.com/232x100.png/ff4444/ffffff', 'Vestibulum ante ipsum primis in faucibus orci luctus et ultrices posuere cubilia Curae; Nulla dapibus dolor vel est. Donec odio justo, sollicitudin ut, suscipit a, feugiat et, eros.', 1301, 0.16, 4, 68, 31, 12, 3);
insert into books (id, pub_date, is_bestseller, slug, title, image, description, price, discount, kept, cart, bought, author_id, tag_id) values (81, '2020/11/14', 0, 'book-hhq-196', 'Solarbreeze', 'http://dummyimage.com/112x100.png/cc0000/ffffff', 'In est risus, auctor sed, tristique in, tempus sit amet, sem. Fusce consequat.', 199, 0.31, 69, 42, 321, 12, 23);
insert into books (id, pub_date, is_bestseller, slug, title, image, description, price, discount, kept, cart, bought, author_id, tag_id) values (82, '2012/12/03', 1, 'book-jjf-478', 'Bitchip', 'http://dummyimage.com/201x100.png/cc0000/ffffff', 'In congue.', 2178, 0.16, 64, 26, 443, 15, 45);
insert into books (id, pub_date, is_bestseller, slug, title, image, description, price, discount, kept, cart, bought, author_id, tag_id) values (83, '2022/02/22', 0, 'book-jay-622', 'Opela', 'http://dummyimage.com/185x100.png/cc0000/ffffff', 'Aliquam non mauris.', 1755, 0.19, 34, 58, 441, 5, 41);
insert into books (id, pub_date, is_bestseller, slug, title, image, description, price, discount, kept, cart, bought, author_id, tag_id) values (84, '2022/02/13', 0, 'book-pnu-244', 'Duobam', 'http://dummyimage.com/222x100.png/5fa2dd/ffffff', 'Nam ultrices, libero non mattis pulvinar, nulla pede ullamcorper augue, a suscipit nulla elit ac nulla.', 2097, 0.31, 71, 79, 225, 15, 8);
insert into books (id, pub_date, is_bestseller, slug, title, image, description, price, discount, kept, cart, bought, author_id, tag_id) values (85, '2012/07/24', 0, 'book-ebj-908', 'Viva', 'http://dummyimage.com/107x100.png/dddddd/000000', 'Cras mi pede, malesuada in, imperdiet et, commodo vulputate, justo. In blandit ultrices enim.', 2447, 0.42, 12, 69, 327, 10, 29);
insert into books (id, pub_date, is_bestseller, slug, title, image, description, price, discount, kept, cart, bought, author_id, tag_id) values (86, '2022/07/17', 1, 'book-ezw-180', 'Ventosanzap', 'http://dummyimage.com/112x100.png/cc0000/ffffff', 'In hac habitasse platea dictumst.', 2239, 0.34, 92, 17, 235, 21, 30);
insert into books (id, pub_date, is_bestseller, slug, title, image, description, price, discount, kept, cart, bought, author_id, tag_id) values (87, '2012/06/28', 0, 'book-din-810', 'Mat Lam Tam', 'http://dummyimage.com/223x100.png/dddddd/000000', 'Etiam vel augue.', 1376, 0.14, 16, 5, 476, 2, 18);
insert into books (id, pub_date, is_bestseller, slug, title, image, description, price, discount, kept, cart, bought, author_id, tag_id) values (88, '2017/10/19', 1, 'book-tny-731', 'Voyatouch', 'http://dummyimage.com/147x100.png/dddddd/000000', 'Vivamus vestibulum sagittis sapien. Cum sociis natoque penatibus et magnis dis parturient montes, nascetur ridiculus mus.', 161, 0.36, 51, 35, 408, 6, 10);
insert into books (id, pub_date, is_bestseller, slug, title, image, description, price, discount, kept, cart, bought, author_id, tag_id) values (89, '2010/11/25', 0, 'book-yle-192', 'Stronghold', 'http://dummyimage.com/231x100.png/dddddd/000000', 'Lorem ipsum dolor sit amet, consectetuer adipiscing elit. Proin interdum mauris non ligula pellentesque ultrices.', 1309, 0.48, 130, 56, 488, 15, 4);
insert into books (id, pub_date, is_bestseller, slug, title, image, description, price, discount, kept, cart, bought, author_id, tag_id) values (90, '2016/01/11', 1, 'book-vzm-918', 'Ronstring', 'http://dummyimage.com/241x100.png/5fa2dd/ffffff', 'In sagittis dui vel nisl.', 676, 0.17, 119, 58, 105, 9, 18);
insert into books (id, pub_date, is_bestseller, slug, title, image, description, price, discount, kept, cart, bought, author_id, tag_id) values (91, '2014/01/13', 1, 'book-ovy-518', 'Asoka', 'http://dummyimage.com/141x100.png/dddddd/000000', 'Etiam justo. Etiam pretium iaculis justo.', 1661, 0.09, 81, 38, 330, 18, 8);
insert into books (id, pub_date, is_bestseller, slug, title, image, description, price, discount, kept, cart, bought, author_id, tag_id) values (92, '2009/03/11', 1, 'book-pnp-212', 'Daltfresh', 'http://dummyimage.com/129x100.png/dddddd/000000', 'Nulla tellus. In sagittis dui vel nisl.', 1637, 0.11, 68, 71, 434, 13, 1);
insert into books (id, pub_date, is_bestseller, slug, title, image, description, price, discount, kept, cart, bought, author_id, tag_id) values (93, '2013/03/14', 0, 'book-qzj-290', 'Transcof', 'http://dummyimage.com/143x100.png/cc0000/ffffff', 'Curabitur at ipsum ac tellus semper interdum. Mauris ullamcorper purus sit amet nulla.', 1581, 0.21, 33, 20, 224, 8, 6);
insert into books (id, pub_date, is_bestseller, slug, title, image, description, price, discount, kept, cart, bought, author_id, tag_id) values (94, '2020/03/21', 0, 'book-dpt-717', 'Job', 'http://dummyimage.com/189x100.png/5fa2dd/ffffff', 'Vestibulum ante ipsum primis in faucibus orci luctus et ultrices posuere cubilia Curae; Nulla dapibus dolor vel est.', 2033, 0.3, 18, 22, 213, 7, 2);
insert into books (id, pub_date, is_bestseller, slug, title, image, description, price, discount, kept, cart, bought, author_id, tag_id) values (95, '2009/02/20', 1, 'book-svx-834', 'Ventosanzap', 'http://dummyimage.com/164x100.png/cc0000/ffffff', 'Etiam justo.', 2173, 0.24, 58, 48, 337, 7, 41);
insert into books (id, pub_date, is_bestseller, slug, title, image, description, price, discount, kept, cart, bought, author_id, tag_id) values (96, '2006/07/10', 0, 'book-jsb-531', 'Redhold', 'http://dummyimage.com/110x100.png/cc0000/ffffff', 'Fusce posuere felis sed lacus. Morbi sem mauris, laoreet ut, rhoncus aliquet, pulvinar sed, nisl.', 230, 0.22, 103, 23, 434, 9, 11);
insert into books (id, pub_date, is_bestseller, slug, title, image, description, price, discount, kept, cart, bought, author_id, tag_id) values (97, '2012/09/29', 1, 'book-csz-128', 'Hatity', 'http://dummyimage.com/223x100.png/dddddd/000000', 'In blandit ultrices enim. Lorem ipsum dolor sit amet, consectetuer adipiscing elit.', 1372, 0.25, 44, 19, 248, 1, 32);
insert into books (id, pub_date, is_bestseller, slug, title, image, description, price, discount, kept, cart, bought, author_id, tag_id) values (98, '2019/04/08', 0, 'book-gdn-806', 'Prodder', 'http://dummyimage.com/250x100.png/5fa2dd/ffffff', 'Vivamus in felis eu sapien cursus vestibulum.', 336, 0.46, 12, 19, 18, 9, 17);
insert into books (id, pub_date, is_bestseller, slug, title, image, description, price, discount, kept, cart, bought, author_id, tag_id) values (99, '2010/02/14', 0, 'book-iss-047', 'Tampflex', 'http://dummyimage.com/187x100.png/cc0000/ffffff', 'Fusce consequat. Nulla nisl.', 923, 0.11, 36, 77, 465, 19, 9);
insert into books (id, pub_date, is_bestseller, slug, title, image, description, price, discount, kept, cart, bought, author_id, tag_id) values (100, '2009/01/11', 1, 'book-uyz-809', 'Job', 'http://dummyimage.com/228x100.png/ff4444/ffffff', 'Donec semper sapien a libero.', 1548, 0.07, 136, 47, 81, 12, 41);
insert into books (id, pub_date, is_bestseller, slug, title, image, description, price, discount, kept, cart, bought, author_id, tag_id) values (101, '2010/05/31', 1, 'book-igj-232', 'Transcof', 'http://dummyimage.com/152x100.png/5fa2dd/ffffff', 'Pellentesque viverra pede ac diam.', 490, 0.28, 23, 72, 346, 7, 25);
insert into books (id, pub_date, is_bestseller, slug, title, image, description, price, discount, kept, cart, bought, author_id, tag_id) values (102, '2010/05/13', 0, 'book-vxa-256', 'Lotlux', 'http://dummyimage.com/190x100.png/cc0000/ffffff', 'Etiam pretium iaculis justo.', 1829, 0.46, 47, 9, 120, 4, 47);
insert into books (id, pub_date, is_bestseller, slug, title, image, description, price, discount, kept, cart, bought, author_id, tag_id) values (103, '2012/05/22', 1, 'book-asj-297', 'Kanlam', 'http://dummyimage.com/147x100.png/cc0000/ffffff', 'Nulla ac enim. In tempor, turpis nec euismod scelerisque, quam turpis adipiscing lorem, vitae mattis nibh ligula nec sem.', 2155, 0.24, 146, 17, 288, 6, 41);
insert into books (id, pub_date, is_bestseller, slug, title, image, description, price, discount, kept, cart, bought, author_id, tag_id) values (104, '2013/01/24', 0, 'book-ent-091', 'Namfix', 'http://dummyimage.com/114x100.png/dddddd/000000', 'Lorem ipsum dolor sit amet, consectetuer adipiscing elit.', 1395, 0.46, 65, 70, 95, 11, 18);
insert into books (id, pub_date, is_bestseller, slug, title, image, description, price, discount, kept, cart, bought, author_id, tag_id) values (105, '2011/05/01', 0, 'book-zoh-996', 'Alpha', 'http://dummyimage.com/184x100.png/dddddd/000000', 'Morbi vestibulum, velit id pretium iaculis, diam erat fermentum justo, nec condimentum neque sapien placerat ante.', 237, 0.12, 129, 25, 218, 3, 41);
insert into books (id, pub_date, is_bestseller, slug, title, image, description, price, discount, kept, cart, bought, author_id, tag_id) values (106, '2009/06/24', 0, 'book-coe-817', 'Cookley', 'http://dummyimage.com/237x100.png/cc0000/ffffff', 'Etiam justo.', 2093, 0.35, 108, 44, 223, 3, 14);
insert into books (id, pub_date, is_bestseller, slug, title, image, description, price, discount, kept, cart, bought, author_id, tag_id) values (107, '2018/11/14', 1, 'book-ght-872', 'Voltsillam', 'http://dummyimage.com/225x100.png/ff4444/ffffff', 'In est risus, auctor sed, tristique in, tempus sit amet, sem.', 2108, 0.4, 138, 22, 324, 21, 43);
insert into books (id, pub_date, is_bestseller, slug, title, image, description, price, discount, kept, cart, bought, author_id, tag_id) values (108, '2013/01/02', 1, 'book-utu-529', 'Andalax', 'http://dummyimage.com/196x100.png/cc0000/ffffff', 'Nulla ac enim.', 2218, 0.11, 129, 10, 92, 10, 10);
insert into books (id, pub_date, is_bestseller, slug, title, image, description, price, discount, kept, cart, bought, author_id, tag_id) values (109, '2007/02/09', 1, 'book-dbb-493', 'Rank', 'http://dummyimage.com/249x100.png/ff4444/ffffff', 'Morbi vel lectus in quam fringilla rhoncus. Mauris enim leo, rhoncus sed, vestibulum sit amet, cursus id, turpis.', 1549, 0.48, 104, 23, 39, 2, 34);
insert into books (id, pub_date, is_bestseller, slug, title, image, description, price, discount, kept, cart, bought, author_id, tag_id) values (110, '2006/09/30', 1, 'book-woo-054', 'Stim', 'http://dummyimage.com/143x100.png/cc0000/ffffff', 'Etiam justo.', 2099, 0.15, 54, 21, 12, 21, 33);
insert into books (id, pub_date, is_bestseller, slug, title, image, description, price, discount, kept, cart, bought, author_id, tag_id) values (111, '2014/06/06', 1, 'book-adc-195', 'Bigtax', 'http://dummyimage.com/199x100.png/5fa2dd/ffffff', 'Donec diam neque, vestibulum eget, vulputate ut, ultrices vel, augue. Vestibulum ante ipsum primis in faucibus orci luctus et ultrices posuere cubilia Curae; Donec pharetra, magna vestibulum aliquet ultrices, erat tortor sollicitudin mi, sit amet lobortis sapien sapien non mi.', 1492, 0.14, 64, 44, 380, 4, 38);
insert into books (id, pub_date, is_bestseller, slug, title, image, description, price, discount, kept, cart, bought, author_id, tag_id) values (112, '2018/02/24', 1, 'book-wqz-975', 'Zathin', 'http://dummyimage.com/220x100.png/5fa2dd/ffffff', 'Mauris ullamcorper purus sit amet nulla. Quisque arcu libero, rutrum ac, lobortis vel, dapibus at, diam.', 387, 0.4, 33, 74, 179, 20, 36);
insert into books (id, pub_date, is_bestseller, slug, title, image, description, price, discount, kept, cart, bought, author_id, tag_id) values (113, '2016/02/19', 1, 'book-nnm-941', 'Pannier', 'http://dummyimage.com/158x100.png/5fa2dd/ffffff', 'Integer non velit. Donec diam neque, vestibulum eget, vulputate ut, ultrices vel, augue.', 2497, 0.06, 71, 28, 87, 20, 8);
insert into books (id, pub_date, is_bestseller, slug, title, image, description, price, discount, kept, cart, bought, author_id, tag_id) values (114, '2016/06/19', 1, 'book-fln-167', 'Zoolab', 'http://dummyimage.com/155x100.png/dddddd/000000', 'Nulla justo.', 1872, 0.4, 54, 77, 97, 10, 34);
insert into books (id, pub_date, is_bestseller, slug, title, image, description, price, discount, kept, cart, bought, author_id, tag_id) values (115, '2013/10/10', 0, 'book-mia-739', 'Alpha', 'http://dummyimage.com/171x100.png/dddddd/000000', 'Suspendisse accumsan tortor quis turpis. Sed ante.', 2421, 0.14, 137, 19, 107, 21, 27);
insert into books (id, pub_date, is_bestseller, slug, title, image, description, price, discount, kept, cart, bought, author_id, tag_id) values (116, '2012/06/03', 0, 'book-rqr-375', 'Stringtough', 'http://dummyimage.com/132x100.png/5fa2dd/ffffff', 'Nam dui.', 506, 0.09, 131, 72, 284, 12, 36);
insert into books (id, pub_date, is_bestseller, slug, title, image, description, price, discount, kept, cart, bought, author_id, tag_id) values (117, '2009/04/01', 0, 'book-gkr-022', 'Treeflex', 'http://dummyimage.com/222x100.png/cc0000/ffffff', 'Curabitur in libero ut massa volutpat convallis.', 555, 0.48, 51, 29, 293, 15, 13);
insert into books (id, pub_date, is_bestseller, slug, title, image, description, price, discount, kept, cart, bought, author_id, tag_id) values (118, '2014/03/31', 1, 'book-ypu-446', 'Fixflex', 'http://dummyimage.com/203x100.png/5fa2dd/ffffff', 'Vestibulum quam sapien, varius ut, blandit non, interdum in, ante. Vestibulum ante ipsum primis in faucibus orci luctus et ultrices posuere cubilia Curae; Duis faucibus accumsan odio.', 1762, 0.4, 135, 0, 313, 20, 22);
insert into books (id, pub_date, is_bestseller, slug, title, image, description, price, discount, kept, cart, bought, author_id, tag_id) values (119, '2021/06/09', 1, 'book-ckq-611', 'Tin', 'http://dummyimage.com/222x100.png/5fa2dd/ffffff', 'Nullam sit amet turpis elementum ligula vehicula consequat. Morbi a ipsum.', 2173, 0.43, 93, 50, 218, 14, 43);
insert into books (id, pub_date, is_bestseller, slug, title, image, description, price, discount, kept, cart, bought, author_id, tag_id) values (120, '2021/11/20', 0, 'book-acw-890', 'Trippledex', 'http://dummyimage.com/211x100.png/cc0000/ffffff', 'Nullam molestie nibh in lectus. Pellentesque at nulla.', 374, 0.13, 61, 64, 44, 18, 22);
insert into books (id, pub_date, is_bestseller, slug, title, image, description, price, discount, kept, cart, bought, author_id, tag_id) values (121, '2012/07/17', 1, 'book-mrc-021', 'Job', 'http://dummyimage.com/156x100.png/ff4444/ffffff', 'Maecenas rhoncus aliquam lacus.', 1956, 0.05, 0, 66, 219, 10, 35);
insert into books (id, pub_date, is_bestseller, slug, title, image, description, price, discount, kept, cart, bought, author_id, tag_id) values (122, '2014/02/12', 1, 'book-lkl-919', 'Regrant', 'http://dummyimage.com/219x100.png/ff4444/ffffff', 'Cras in purus eu magna vulputate luctus.', 1068, 0.29, 38, 44, 295, 4, 36);
insert into books (id, pub_date, is_bestseller, slug, title, image, description, price, discount, kept, cart, bought, author_id, tag_id) values (123, '2013/05/16', 0, 'book-aja-450', 'Zontrax', 'http://dummyimage.com/109x100.png/cc0000/ffffff', 'Lorem ipsum dolor sit amet, consectetuer adipiscing elit.', 1781, 0.41, 27, 61, 61, 17, 1);
insert into books (id, pub_date, is_bestseller, slug, title, image, description, price, discount, kept, cart, bought, author_id, tag_id) values (124, '2015/09/06', 1, 'book-jmu-964', 'Flexidy', 'http://dummyimage.com/157x100.png/ff4444/ffffff', 'Proin interdum mauris non ligula pellentesque ultrices.', 1455, 0.07, 5, 78, 25, 19, 45);
insert into books (id, pub_date, is_bestseller, slug, title, image, description, price, discount, kept, cart, bought, author_id, tag_id) values (125, '2013/02/20', 1, 'book-djh-373', 'Matsoft', 'http://dummyimage.com/145x100.png/dddddd/000000', 'Etiam vel augue.', 2341, 0.32, 76, 2, 315, 14, 7);
insert into books (id, pub_date, is_bestseller, slug, title, image, description, price, discount, kept, cart, bought, author_id, tag_id) values (126, '2015/11/01', 0, 'book-jjb-447', 'Zamit', 'http://dummyimage.com/147x100.png/ff4444/ffffff', 'Nulla neque libero, convallis eget, eleifend luctus, ultricies eu, nibh. Quisque id justo sit amet sapien dignissim vestibulum.', 1146, 0.27, 150, 43, 239, 20, 39);
insert into books (id, pub_date, is_bestseller, slug, title, image, description, price, discount, kept, cart, bought, author_id, tag_id) values (127, '2013/09/12', 0, 'book-qhp-891', 'Duobam', 'http://dummyimage.com/125x100.png/5fa2dd/ffffff', 'Proin interdum mauris non ligula pellentesque ultrices. Phasellus id sapien in sapien iaculis congue.', 1572, 0.5, 132, 48, 131, 11, 33);
insert into books (id, pub_date, is_bestseller, slug, title, image, description, price, discount, kept, cart, bought, author_id, tag_id) values (128, '2015/09/09', 0, 'book-aew-680', 'Voltsillam', 'http://dummyimage.com/169x100.png/dddddd/000000', 'Vivamus in felis eu sapien cursus vestibulum.', 905, 0.48, 111, 73, 456, 10, 40);
insert into books (id, pub_date, is_bestseller, slug, title, image, description, price, discount, kept, cart, bought, author_id, tag_id) values (129, '2021/05/22', 0, 'book-ovt-902', 'Stim', 'http://dummyimage.com/133x100.png/cc0000/ffffff', 'Aliquam augue quam, sollicitudin vitae, consectetuer eget, rutrum at, lorem. Integer tincidunt ante vel ipsum.', 1219, 0.12, 57, 40, 149, 2, 36);
insert into books (id, pub_date, is_bestseller, slug, title, image, description, price, discount, kept, cart, bought, author_id, tag_id) values (130, '2017/02/03', 0, 'book-izp-796', 'Keylex', 'http://dummyimage.com/191x100.png/5fa2dd/ffffff', 'Pellentesque at nulla. Suspendisse potenti.', 1899, 0.2, 59, 34, 377, 18, 1);
insert into books (id, pub_date, is_bestseller, slug, title, image, description, price, discount, kept, cart, bought, author_id, tag_id) values (131, '2018/10/05', 1, 'book-xbs-566', 'Zathin', 'http://dummyimage.com/103x100.png/ff4444/ffffff', 'Ut tellus. Nulla ut erat id mauris vulputate elementum.', 2284, 0.42, 90, 23, 187, 1, 2);
insert into books (id, pub_date, is_bestseller, slug, title, image, description, price, discount, kept, cart, bought, author_id, tag_id) values (132, '2014/04/17', 0, 'book-avy-636', 'Sonair', 'http://dummyimage.com/245x100.png/ff4444/ffffff', 'Etiam justo.', 1660, 0.31, 103, 45, 341, 8, 24);
insert into books (id, pub_date, is_bestseller, slug, title, image, description, price, discount, kept, cart, bought, author_id, tag_id) values (133, '2006/03/08', 0, 'book-wjk-668', 'Domainer', 'http://dummyimage.com/139x100.png/ff4444/ffffff', 'Proin interdum mauris non ligula pellentesque ultrices. Phasellus id sapien in sapien iaculis congue.', 2187, 0.18, 4, 28, 122, 14, 31);
insert into books (id, pub_date, is_bestseller, slug, title, image, description, price, discount, kept, cart, bought, author_id, tag_id) values (134, '2008/02/11', 1, 'book-wnh-194', 'Andalax', 'http://dummyimage.com/151x100.png/5fa2dd/ffffff', 'Nullam molestie nibh in lectus.', 1791, 0.37, 25, 52, 310, 21, 37);
insert into books (id, pub_date, is_bestseller, slug, title, image, description, price, discount, kept, cart, bought, author_id, tag_id) values (135, '2021/07/14', 0, 'book-xcd-328', 'Tempsoft', 'http://dummyimage.com/233x100.png/5fa2dd/ffffff', 'Duis ac nibh. Fusce lacus purus, aliquet at, feugiat non, pretium quis, lectus.', 492, 0.47, 149, 12, 354, 20, 43);
insert into books (id, pub_date, is_bestseller, slug, title, image, description, price, discount, kept, cart, bought, author_id, tag_id) values (136, '2009/01/11', 1, 'book-zat-870', 'Voyatouch', 'http://dummyimage.com/119x100.png/cc0000/ffffff', 'Vestibulum ante ipsum primis in faucibus orci luctus et ultrices posuere cubilia Curae; Duis faucibus accumsan odio. Curabitur convallis.', 1968, 0.13, 78, 56, 220, 14, 10);
insert into books (id, pub_date, is_bestseller, slug, title, image, description, price, discount, kept, cart, bought, author_id, tag_id) values (137, '2019/04/16', 1, 'book-fco-433', 'Home Ing', 'http://dummyimage.com/147x100.png/cc0000/ffffff', 'Phasellus sit amet erat.', 1269, 0.08, 112, 65, 63, 18, 36);
insert into books (id, pub_date, is_bestseller, slug, title, image, description, price, discount, kept, cart, bought, author_id, tag_id) values (138, '2015/03/28', 1, 'book-hby-969', 'Mat Lam Tam', 'http://dummyimage.com/121x100.png/dddddd/000000', 'Vestibulum ac est lacinia nisi venenatis tristique.', 479, 0.45, 65, 10, 14, 7, 6);
insert into books (id, pub_date, is_bestseller, slug, title, image, description, price, discount, kept, cart, bought, author_id, tag_id) values (139, '2011/04/08', 1, 'book-xan-492', 'Alphazap', 'http://dummyimage.com/238x100.png/5fa2dd/ffffff', 'Duis bibendum, felis sed interdum venenatis, turpis enim blandit mi, in porttitor pede justo eu massa. Donec dapibus.', 713, 0.45, 104, 5, 290, 2, 29);
insert into books (id, pub_date, is_bestseller, slug, title, image, description, price, discount, kept, cart, bought, author_id, tag_id) values (140, '2010/06/07', 1, 'book-gen-949', 'Flowdesk', 'http://dummyimage.com/203x100.png/cc0000/ffffff', 'Duis bibendum. Morbi non quam nec dui luctus rutrum.', 1469, 0.16, 68, 64, 133, 15, 32);
insert into books (id, pub_date, is_bestseller, slug, title, image, description, price, discount, kept, cart, bought, author_id, tag_id) values (141, '2022/02/18', 0, 'book-zrz-264', 'Keylex', 'http://dummyimage.com/113x100.png/cc0000/ffffff', 'Morbi odio odio, elementum eu, interdum eu, tincidunt in, leo.', 2305, 0.49, 60, 15, 30, 16, 42);
insert into books (id, pub_date, is_bestseller, slug, title, image, description, price, discount, kept, cart, bought, author_id, tag_id) values (142, '2021/06/28', 0, 'book-afd-109', 'Keylex', 'http://dummyimage.com/246x100.png/ff4444/ffffff', 'Vestibulum ante ipsum primis in faucibus orci luctus et ultrices posuere cubilia Curae; Mauris viverra diam vitae quam. Suspendisse potenti.', 595, 0.5, 16, 76, 366, 3, 15);
insert into books (id, pub_date, is_bestseller, slug, title, image, description, price, discount, kept, cart, bought, author_id, tag_id) values (143, '2012/11/29', 1, 'book-fuw-571', 'Mat Lam Tam', 'http://dummyimage.com/210x100.png/ff4444/ffffff', 'Donec odio justo, sollicitudin ut, suscipit a, feugiat et, eros. Vestibulum ac est lacinia nisi venenatis tristique.', 1528, 0.43, 4, 59, 330, 12, 30);
insert into books (id, pub_date, is_bestseller, slug, title, image, description, price, discount, kept, cart, bought, author_id, tag_id) values (144, '2022/08/03', 1, 'book-ryz-225', 'Asoka', 'http://dummyimage.com/235x100.png/5fa2dd/ffffff', 'In tempor, turpis nec euismod scelerisque, quam turpis adipiscing lorem, vitae mattis nibh ligula nec sem.', 951, 0.26, 133, 12, 194, 2, 44);
insert into books (id, pub_date, is_bestseller, slug, title, image, description, price, discount, kept, cart, bought, author_id, tag_id) values (145, '2008/12/09', 1, 'book-atb-850', 'Daltfresh', 'http://dummyimage.com/176x100.png/cc0000/ffffff', 'Nullam orci pede, venenatis non, sodales sed, tincidunt eu, felis.', 1121, 0.14, 102, 64, 184, 1, 1);
insert into books (id, pub_date, is_bestseller, slug, title, image, description, price, discount, kept, cart, bought, author_id, tag_id) values (146, '2008/05/13', 1, 'book-qgi-266', 'Otcom', 'http://dummyimage.com/199x100.png/ff4444/ffffff', 'Maecenas leo odio, condimentum id, luctus nec, molestie sed, justo. Pellentesque viverra pede ac diam.', 2193, 0.38, 97, 30, 240, 7, 31);
insert into books (id, pub_date, is_bestseller, slug, title, image, description, price, discount, kept, cart, bought, author_id, tag_id) values (147, '2020/11/20', 1, 'book-prf-349', 'Alpha', 'http://dummyimage.com/218x100.png/ff4444/ffffff', 'Lorem ipsum dolor sit amet, consectetuer adipiscing elit.', 1284, 0.31, 3, 43, 134, 1, 49);
insert into books (id, pub_date, is_bestseller, slug, title, image, description, price, discount, kept, cart, bought, author_id, tag_id) values (148, '2017/10/23', 0, 'book-cfx-436', 'Konklux', 'http://dummyimage.com/133x100.png/dddddd/000000', 'Vivamus tortor. Duis mattis egestas metus.', 1470, 0.42, 77, 49, 426, 16, 18);
insert into books (id, pub_date, is_bestseller, slug, title, image, description, price, discount, kept, cart, bought, author_id, tag_id) values (149, '2007/06/09', 1, 'book-iqb-220', 'Prodder', 'http://dummyimage.com/121x100.png/5fa2dd/ffffff', 'Quisque porta volutpat erat.', 1090, 0.17, 122, 2, 13, 8, 28);
insert into books (id, pub_date, is_bestseller, slug, title, image, description, price, discount, kept, cart, bought, author_id, tag_id) values (150, '2007/06/14', 1, 'book-hel-461', 'Tres-Zap', 'http://dummyimage.com/243x100.png/cc0000/ffffff', 'Nulla justo. Aliquam quis turpis eget elit sodales scelerisque.', 468, 0.13, 67, 41, 394, 4, 18);
insert into books (id, pub_date, is_bestseller, slug, title, image, description, price, discount, kept, cart, bought, author_id, tag_id) values (151, '2013/05/18', 1, 'book-adr-614', 'Bytecard', 'http://dummyimage.com/113x100.png/cc0000/ffffff', 'Phasellus in felis.', 1880, 0.29, 32, 12, 20, 7, 25);
insert into books (id, pub_date, is_bestseller, slug, title, image, description, price, discount, kept, cart, bought, author_id, tag_id) values (152, '2019/03/26', 0, 'book-rxp-142', 'Regrant', 'http://dummyimage.com/246x100.png/dddddd/000000', 'Quisque id justo sit amet sapien dignissim vestibulum. Vestibulum ante ipsum primis in faucibus orci luctus et ultrices posuere cubilia Curae; Nulla dapibus dolor vel est.', 318, 0.47, 75, 5, 296, 12, 8);
insert into books (id, pub_date, is_bestseller, slug, title, image, description, price, discount, kept, cart, bought, author_id, tag_id) values (153, '2021/09/02', 0, 'book-kaq-907', 'Home Ing', 'http://dummyimage.com/178x100.png/cc0000/ffffff', 'Phasellus id sapien in sapien iaculis congue.', 2336, 0.37, 58, 9, 428, 18, 13);
insert into books (id, pub_date, is_bestseller, slug, title, image, description, price, discount, kept, cart, bought, author_id, tag_id) values (154, '2017/09/18', 0, 'book-iqe-012', 'Redhold', 'http://dummyimage.com/105x100.png/5fa2dd/ffffff', 'Maecenas tristique, est et tempus semper, est quam pharetra magna, ac consequat metus sapien ut nunc. Vestibulum ante ipsum primis in faucibus orci luctus et ultrices posuere cubilia Curae; Mauris viverra diam vitae quam.', 1271, 0.17, 57, 67, 362, 1, 33);
insert into books (id, pub_date, is_bestseller, slug, title, image, description, price, discount, kept, cart, bought, author_id, tag_id) values (155, '2015/07/08', 1, 'book-bwj-879', 'Alpha', 'http://dummyimage.com/250x100.png/ff4444/ffffff', 'Morbi ut odio.', 1279, 0.29, 39, 29, 23, 11, 5);
insert into books (id, pub_date, is_bestseller, slug, title, image, description, price, discount, kept, cart, bought, author_id, tag_id) values (156, '2008/05/13', 0, 'book-anm-353', 'Duobam', 'http://dummyimage.com/176x100.png/ff4444/ffffff', 'Integer aliquet, massa id lobortis convallis, tortor risus dapibus augue, vel accumsan tellus nisi eu orci.', 848, 0.07, 18, 54, 477, 20, 4);
insert into books (id, pub_date, is_bestseller, slug, title, image, description, price, discount, kept, cart, bought, author_id, tag_id) values (157, '2022/01/12', 0, 'book-dfq-692', 'Redhold', 'http://dummyimage.com/140x100.png/5fa2dd/ffffff', 'In hac habitasse platea dictumst. Morbi vestibulum, velit id pretium iaculis, diam erat fermentum justo, nec condimentum neque sapien placerat ante.', 1426, 0.46, 139, 54, 328, 3, 30);
insert into books (id, pub_date, is_bestseller, slug, title, image, description, price, discount, kept, cart, bought, author_id, tag_id) values (158, '2007/02/09', 0, 'book-vif-040', 'Bytecard', 'http://dummyimage.com/169x100.png/5fa2dd/ffffff', 'Duis at velit eu est congue elementum.', 1259, 0.3, 41, 12, 242, 5, 29);
insert into books (id, pub_date, is_bestseller, slug, title, image, description, price, discount, kept, cart, bought, author_id, tag_id) values (159, '2019/09/09', 0, 'book-akm-210', 'Veribet', 'http://dummyimage.com/241x100.png/ff4444/ffffff', 'Morbi quis tortor id nulla ultrices aliquet. Maecenas leo odio, condimentum id, luctus nec, molestie sed, justo.', 1403, 0.47, 120, 53, 47, 12, 49);
insert into books (id, pub_date, is_bestseller, slug, title, image, description, price, discount, kept, cart, bought, author_id, tag_id) values (160, '2014/04/04', 0, 'book-yuj-195', 'Konklab', 'http://dummyimage.com/222x100.png/ff4444/ffffff', 'Proin eu mi.', 981, 0.12, 59, 42, 23, 1, 28);
insert into books (id, pub_date, is_bestseller, slug, title, image, description, price, discount, kept, cart, bought, author_id, tag_id) values (161, '2006/04/02', 1, 'book-evj-566', 'Ventosanzap', 'http://dummyimage.com/110x100.png/ff4444/ffffff', 'Suspendisse potenti. Cras in purus eu magna vulputate luctus.', 1183, 0.09, 145, 74, 128, 1, 42);
insert into books (id, pub_date, is_bestseller, slug, title, image, description, price, discount, kept, cart, bought, author_id, tag_id) values (162, '2007/07/29', 1, 'book-yuk-540', 'Kanlam', 'http://dummyimage.com/247x100.png/5fa2dd/ffffff', 'Duis at velit eu est congue elementum.', 1467, 0.07, 81, 38, 37, 9, 32);
insert into books (id, pub_date, is_bestseller, slug, title, image, description, price, discount, kept, cart, bought, author_id, tag_id) values (163, '2006/01/12', 0, 'book-sth-086', 'Rank', 'http://dummyimage.com/104x100.png/cc0000/ffffff', 'Suspendisse potenti.', 2475, 0.08, 77, 19, 454, 11, 46);
insert into books (id, pub_date, is_bestseller, slug, title, image, description, price, discount, kept, cart, bought, author_id, tag_id) values (164, '2010/08/17', 0, 'book-ixs-920', 'Fintone', 'http://dummyimage.com/163x100.png/ff4444/ffffff', 'Quisque ut erat.', 935, 0.3, 142, 47, 439, 3, 24);
insert into books (id, pub_date, is_bestseller, slug, title, image, description, price, discount, kept, cart, bought, author_id, tag_id) values (165, '2012/07/17', 0, 'book-gyz-287', 'Lotlux', 'http://dummyimage.com/175x100.png/ff4444/ffffff', 'Etiam justo.', 1049, 0.43, 136, 28, 126, 19, 21);
insert into books (id, pub_date, is_bestseller, slug, title, image, description, price, discount, kept, cart, bought, author_id, tag_id) values (166, '2011/01/23', 1, 'book-jbx-923', 'Konklux', 'http://dummyimage.com/118x100.png/ff4444/ffffff', 'Sed accumsan felis.', 2249, 0.11, 0, 32, 288, 13, 13);
insert into books (id, pub_date, is_bestseller, slug, title, image, description, price, discount, kept, cart, bought, author_id, tag_id) values (167, '2011/07/28', 0, 'book-gul-482', 'It', 'http://dummyimage.com/102x100.png/dddddd/000000', 'Sed vel enim sit amet nunc viverra dapibus. Nulla suscipit ligula in lacus.', 1666, 0.23, 18, 37, 283, 9, 31);
insert into books (id, pub_date, is_bestseller, slug, title, image, description, price, discount, kept, cart, bought, author_id, tag_id) values (168, '2016/04/30', 0, 'book-jxi-134', 'Bytecard', 'http://dummyimage.com/196x100.png/cc0000/ffffff', 'Morbi vestibulum, velit id pretium iaculis, diam erat fermentum justo, nec condimentum neque sapien placerat ante.', 2151, 0.37, 103, 57, 443, 6, 4);
insert into books (id, pub_date, is_bestseller, slug, title, image, description, price, discount, kept, cart, bought, author_id, tag_id) values (169, '2014/12/21', 1, 'book-kto-498', 'Job', 'http://dummyimage.com/240x100.png/5fa2dd/ffffff', 'Aliquam augue quam, sollicitudin vitae, consectetuer eget, rutrum at, lorem. Integer tincidunt ante vel ipsum.', 370, 0.36, 145, 55, 124, 12, 21);
insert into books (id, pub_date, is_bestseller, slug, title, image, description, price, discount, kept, cart, bought, author_id, tag_id) values (170, '2020/10/10', 1, 'book-lls-385', 'Holdlamis', 'http://dummyimage.com/144x100.png/cc0000/ffffff', 'Aliquam erat volutpat. In congue.', 2393, 0.28, 93, 59, 102, 19, 20);
insert into books (id, pub_date, is_bestseller, slug, title, image, description, price, discount, kept, cart, bought, author_id, tag_id) values (171, '2019/04/21', 0, 'book-mfb-229', 'Tres-Zap', 'http://dummyimage.com/237x100.png/5fa2dd/ffffff', 'Morbi non lectus.', 2189, 0.4, 102, 60, 304, 4, 14);
insert into books (id, pub_date, is_bestseller, slug, title, image, description, price, discount, kept, cart, bought, author_id, tag_id) values (172, '2012/04/05', 1, 'book-xls-449', 'Bamity', 'http://dummyimage.com/143x100.png/cc0000/ffffff', 'In blandit ultrices enim.', 868, 0.35, 78, 13, 376, 18, 49);
insert into books (id, pub_date, is_bestseller, slug, title, image, description, price, discount, kept, cart, bought, author_id, tag_id) values (173, '2015/05/10', 1, 'book-uoz-843', 'It', 'http://dummyimage.com/194x100.png/5fa2dd/ffffff', 'Etiam pretium iaculis justo. In hac habitasse platea dictumst.', 156, 0.47, 27, 66, 391, 11, 14);
insert into books (id, pub_date, is_bestseller, slug, title, image, description, price, discount, kept, cart, bought, author_id, tag_id) values (174, '2017/10/27', 1, 'book-cis-682', 'Prodder', 'http://dummyimage.com/142x100.png/ff4444/ffffff', 'Proin at turpis a pede posuere nonummy. Integer non velit.', 363, 0.45, 22, 13, 256, 2, 40);
insert into books (id, pub_date, is_bestseller, slug, title, image, description, price, discount, kept, cart, bought, author_id, tag_id) values (175, '2011/04/01', 0, 'book-bkp-523', 'Matsoft', 'http://dummyimage.com/227x100.png/dddddd/000000', 'Vestibulum ante ipsum primis in faucibus orci luctus et ultrices posuere cubilia Curae; Duis faucibus accumsan odio.', 453, 0.08, 142, 29, 419, 7, 32);
insert into books (id, pub_date, is_bestseller, slug, title, image, description, price, discount, kept, cart, bought, author_id, tag_id) values (176, '2006/04/10', 1, 'book-wtb-013', 'Transcof', 'http://dummyimage.com/182x100.png/cc0000/ffffff', 'Morbi porttitor lorem id ligula. Suspendisse ornare consequat lectus.', 2264, 0.33, 80, 21, 212, 19, 30);
insert into books (id, pub_date, is_bestseller, slug, title, image, description, price, discount, kept, cart, bought, author_id, tag_id) values (177, '2016/05/27', 0, 'book-ium-691', 'Keylex', 'http://dummyimage.com/200x100.png/dddddd/000000', 'Aliquam erat volutpat. In congue.', 1408, 0.06, 128, 66, 208, 19, 44);
insert into books (id, pub_date, is_bestseller, slug, title, image, description, price, discount, kept, cart, bought, author_id, tag_id) values (178, '2006/09/05', 0, 'book-jzi-359', 'Vagram', 'http://dummyimage.com/212x100.png/cc0000/ffffff', 'Vestibulum ante ipsum primis in faucibus orci luctus et ultrices posuere cubilia Curae; Duis faucibus accumsan odio.', 200, 0.49, 75, 52, 136, 18, 4);
insert into books (id, pub_date, is_bestseller, slug, title, image, description, price, discount, kept, cart, bought, author_id, tag_id) values (179, '2018/12/23', 1, 'book-dqr-581', 'Cardify', 'http://dummyimage.com/115x100.png/ff4444/ffffff', 'Etiam faucibus cursus urna. Ut tellus.', 1108, 0.1, 127, 76, 444, 9, 9);
insert into books (id, pub_date, is_bestseller, slug, title, image, description, price, discount, kept, cart, bought, author_id, tag_id) values (180, '2021/11/01', 0, 'book-eyl-044', 'Wrapsafe', 'http://dummyimage.com/141x100.png/dddddd/000000', 'Donec quis orci eget orci vehicula condimentum. Curabitur in libero ut massa volutpat convallis.', 2000, 0.22, 95, 53, 350, 6, 17);
insert into books (id, pub_date, is_bestseller, slug, title, image, description, price, discount, kept, cart, bought, author_id, tag_id) values (181, '2015/11/01', 1, 'book-kcd-484', 'Otcom', 'http://dummyimage.com/120x100.png/cc0000/ffffff', 'Integer a nibh.', 1536, 0.5, 11, 31, 238, 2, 22);
insert into books (id, pub_date, is_bestseller, slug, title, image, description, price, discount, kept, cart, bought, author_id, tag_id) values (182, '2022/05/09', 0, 'book-evn-424', 'Subin', 'http://dummyimage.com/136x100.png/ff4444/ffffff', 'Nam nulla.', 2204, 0.09, 80, 71, 17, 15, 13);
insert into books (id, pub_date, is_bestseller, slug, title, image, description, price, discount, kept, cart, bought, author_id, tag_id) values (183, '2021/03/16', 0, 'book-jmn-445', 'Ventosanzap', 'http://dummyimage.com/236x100.png/dddddd/000000', 'Duis aliquam convallis nunc. Proin at turpis a pede posuere nonummy.', 1332, 0.21, 101, 1, 61, 9, 4);
insert into books (id, pub_date, is_bestseller, slug, title, image, description, price, discount, kept, cart, bought, author_id, tag_id) values (184, '2007/07/16', 1, 'book-iyi-517', 'Trippledex', 'http://dummyimage.com/174x100.png/ff4444/ffffff', 'Curabitur in libero ut massa volutpat convallis. Morbi odio odio, elementum eu, interdum eu, tincidunt in, leo.', 1099, 0.08, 130, 14, 78, 5, 42);
insert into books (id, pub_date, is_bestseller, slug, title, image, description, price, discount, kept, cart, bought, author_id, tag_id) values (185, '2020/05/01', 1, 'book-rjy-566', 'Transcof', 'http://dummyimage.com/180x100.png/cc0000/ffffff', 'Praesent id massa id nisl venenatis lacinia. Aenean sit amet justo.', 2326, 0.23, 127, 69, 226, 13, 25);
insert into books (id, pub_date, is_bestseller, slug, title, image, description, price, discount, kept, cart, bought, author_id, tag_id) values (186, '2021/05/08', 1, 'book-zka-169', 'Bytecard', 'http://dummyimage.com/126x100.png/dddddd/000000', 'Suspendisse potenti.', 1952, 0.12, 7, 72, 258, 21, 21);
insert into books (id, pub_date, is_bestseller, slug, title, image, description, price, discount, kept, cart, bought, author_id, tag_id) values (187, '2019/07/18', 1, 'book-kem-432', 'Konklux', 'http://dummyimage.com/195x100.png/dddddd/000000', 'Morbi a ipsum. Integer a nibh.', 749, 0.37, 91, 73, 222, 16, 47);
insert into books (id, pub_date, is_bestseller, slug, title, image, description, price, discount, kept, cart, bought, author_id, tag_id) values (188, '2006/01/17', 1, 'book-las-844', 'Fix San', 'http://dummyimage.com/250x100.png/5fa2dd/ffffff', 'Vivamus metus arcu, adipiscing molestie, hendrerit at, vulputate vitae, nisl.', 634, 0.32, 115, 52, 460, 7, 4);
insert into books (id, pub_date, is_bestseller, slug, title, image, description, price, discount, kept, cart, bought, author_id, tag_id) values (189, '2018/08/15', 1, 'book-wcf-489', 'Zontrax', 'http://dummyimage.com/115x100.png/5fa2dd/ffffff', 'Nunc purus. Phasellus in felis.', 996, 0.12, 14, 27, 229, 3, 14);
insert into books (id, pub_date, is_bestseller, slug, title, image, description, price, discount, kept, cart, bought, author_id, tag_id) values (190, '2021/12/28', 1, 'book-pcm-474', 'Trippledex', 'http://dummyimage.com/181x100.png/5fa2dd/ffffff', 'Pellentesque eget nunc. Donec quis orci eget orci vehicula condimentum.', 1712, 0.27, 125, 40, 487, 2, 7);
insert into books (id, pub_date, is_bestseller, slug, title, image, description, price, discount, kept, cart, bought, author_id, tag_id) values (191, '2019/04/15', 0, 'book-qla-539', 'It', 'http://dummyimage.com/232x100.png/5fa2dd/ffffff', 'Morbi non quam nec dui luctus rutrum.', 281, 0.29, 126, 8, 217, 12, 47);
insert into books (id, pub_date, is_bestseller, slug, title, image, description, price, discount, kept, cart, bought, author_id, tag_id) values (192, '2017/06/23', 0, 'book-lau-014', 'Flowdesk', 'http://dummyimage.com/141x100.png/ff4444/ffffff', 'Vestibulum ante ipsum primis in faucibus orci luctus et ultrices posuere cubilia Curae; Nulla dapibus dolor vel est.', 2244, 0.3, 6, 19, 231, 3, 11);
insert into books (id, pub_date, is_bestseller, slug, title, image, description, price, discount, kept, cart, bought, author_id, tag_id) values (193, '2010/07/09', 1, 'book-zoo-907', 'Holdlamis', 'http://dummyimage.com/139x100.png/dddddd/000000', 'Etiam faucibus cursus urna.', 2105, 0.25, 120, 20, 193, 12, 49);
insert into books (id, pub_date, is_bestseller, slug, title, image, description, price, discount, kept, cart, bought, author_id, tag_id) values (194, '2020/07/02', 0, 'book-hoy-564', 'Zathin', 'http://dummyimage.com/243x100.png/cc0000/ffffff', 'Morbi vel lectus in quam fringilla rhoncus. Mauris enim leo, rhoncus sed, vestibulum sit amet, cursus id, turpis.', 2371, 0.12, 37, 59, 25, 13, 20);
insert into books (id, pub_date, is_bestseller, slug, title, image, description, price, discount, kept, cart, bought, author_id, tag_id) values (195, '2010/08/24', 1, 'book-qes-728', 'Bitwolf', 'http://dummyimage.com/153x100.png/dddddd/000000', 'Nulla neque libero, convallis eget, eleifend luctus, ultricies eu, nibh.', 584, 0.44, 65, 48, 378, 7, 46);
insert into books (id, pub_date, is_bestseller, slug, title, image, description, price, discount, kept, cart, bought, author_id, tag_id) values (196, '2017/04/01', 0, 'book-vww-986', 'It', 'http://dummyimage.com/247x100.png/5fa2dd/ffffff', 'Pellentesque viverra pede ac diam. Cras pellentesque volutpat dui.', 2100, 0.4, 126, 23, 445, 15, 28);
insert into books (id, pub_date, is_bestseller, slug, title, image, description, price, discount, kept, cart, bought, author_id, tag_id) values (197, '2021/04/25', 1, 'book-tpi-693', 'Quo Lux', 'http://dummyimage.com/155x100.png/5fa2dd/ffffff', 'Curabitur in libero ut massa volutpat convallis.', 2159, 0.34, 117, 67, 181, 15, 1);
insert into books (id, pub_date, is_bestseller, slug, title, image, description, price, discount, kept, cart, bought, author_id, tag_id) values (198, '2016/08/02', 0, 'book-xik-436', 'Flexidy', 'http://dummyimage.com/153x100.png/5fa2dd/ffffff', 'Mauris enim leo, rhoncus sed, vestibulum sit amet, cursus id, turpis.', 2471, 0.29, 37, 71, 418, 10, 47);
insert into books (id, pub_date, is_bestseller, slug, title, image, description, price, discount, kept, cart, bought, author_id, tag_id) values (199, '2017/03/11', 1, 'book-uzd-982', 'Lotlux', 'http://dummyimage.com/216x100.png/dddddd/000000', 'Donec ut dolor. Morbi vel lectus in quam fringilla rhoncus.', 1006, 0.14, 112, 19, 353, 17, 39);
insert into books (id, pub_date, is_bestseller, slug, title, image, description, price, discount, kept, cart, bought, author_id, tag_id) values (200, '2018/05/16', 1, 'book-pmv-802', 'Fintone', 'http://dummyimage.com/150x100.png/dddddd/000000', 'Suspendisse potenti.', 289, 0.23, 41, 15, 188, 2, 7);
insert into books (id, pub_date, is_bestseller, slug, title, image, description, price, discount, kept, cart, bought, author_id, tag_id) values (201, '2008/11/17', 0, 'book-mmc-510', 'Hatity', 'http://dummyimage.com/212x100.png/dddddd/000000', 'Curabitur at ipsum ac tellus semper interdum.', 1013, 0.48, 38, 14, 322, 10, 1);
insert into books (id, pub_date, is_bestseller, slug, title, image, description, price, discount, kept, cart, bought, author_id, tag_id) values (202, '2014/02/02', 1, 'book-mls-734', 'Stringtough', 'http://dummyimage.com/184x100.png/ff4444/ffffff', 'Aliquam erat volutpat.', 1513, 0.28, 95, 42, 203, 9, 49);
insert into books (id, pub_date, is_bestseller, slug, title, image, description, price, discount, kept, cart, bought, author_id, tag_id) values (203, '2010/08/29', 0, 'book-qhb-797', 'Fintone', 'http://dummyimage.com/122x100.png/5fa2dd/ffffff', 'Pellentesque at nulla. Suspendisse potenti.', 2070, 0.18, 111, 62, 149, 9, 4);
insert into books (id, pub_date, is_bestseller, slug, title, image, description, price, discount, kept, cart, bought, author_id, tag_id) values (204, '2006/11/15', 1, 'book-yaj-838', 'Opela', 'http://dummyimage.com/131x100.png/5fa2dd/ffffff', 'Fusce congue, diam id ornare imperdiet, sapien urna pretium nisl, ut volutpat sapien arcu sed augue.', 1040, 0.35, 104, 24, 299, 12, 3);
insert into books (id, pub_date, is_bestseller, slug, title, image, description, price, discount, kept, cart, bought, author_id, tag_id) values (205, '2021/12/28', 1, 'book-ibk-258', 'Fix San', 'http://dummyimage.com/233x100.png/dddddd/000000', 'Donec diam neque, vestibulum eget, vulputate ut, ultrices vel, augue.', 2051, 0.47, 12, 57, 305, 6, 36);
insert into books (id, pub_date, is_bestseller, slug, title, image, description, price, discount, kept, cart, bought, author_id, tag_id) values (206, '2010/07/15', 0, 'book-kkm-151', 'Sonair', 'http://dummyimage.com/126x100.png/dddddd/000000', 'Integer ac neque. Duis bibendum.', 541, 0.19, 81, 26, 235, 10, 33);
insert into books (id, pub_date, is_bestseller, slug, title, image, description, price, discount, kept, cart, bought, author_id, tag_id) values (207, '2020/11/22', 1, 'book-moo-317', 'Temp', 'http://dummyimage.com/101x100.png/cc0000/ffffff', 'Quisque arcu libero, rutrum ac, lobortis vel, dapibus at, diam. Nam tristique tortor eu pede.', 2425, 0.14, 19, 70, 104, 16, 17);
insert into books (id, pub_date, is_bestseller, slug, title, image, description, price, discount, kept, cart, bought, author_id, tag_id) values (208, '2011/10/01', 1, 'book-iii-120', 'Tresom', 'http://dummyimage.com/109x100.png/cc0000/ffffff', 'Cum sociis natoque penatibus et magnis dis parturient montes, nascetur ridiculus mus.', 1877, 0.29, 17, 6, 76, 3, 15);
insert into books (id, pub_date, is_bestseller, slug, title, image, description, price, discount, kept, cart, bought, author_id, tag_id) values (209, '2011/08/13', 1, 'book-ndy-420', 'Andalax', 'http://dummyimage.com/150x100.png/dddddd/000000', 'Nulla ut erat id mauris vulputate elementum.', 2486, 0.39, 11, 46, 113, 6, 41);
insert into books (id, pub_date, is_bestseller, slug, title, image, description, price, discount, kept, cart, bought, author_id, tag_id) values (210, '2010/06/20', 0, 'book-eaf-129', 'Bitwolf', 'http://dummyimage.com/128x100.png/cc0000/ffffff', 'Morbi non lectus. Aliquam sit amet diam in magna bibendum imperdiet.', 2261, 0.28, 4, 25, 225, 12, 12);
insert into books (id, pub_date, is_bestseller, slug, title, image, description, price, discount, kept, cart, bought, author_id, tag_id) values (211, '2010/09/18', 1, 'book-ckk-161', 'Bytecard', 'http://dummyimage.com/155x100.png/dddddd/000000', 'Nam congue, risus semper porta volutpat, quam pede lobortis ligula, sit amet eleifend pede libero quis orci.', 2472, 0.3, 91, 23, 499, 20, 39);
insert into books (id, pub_date, is_bestseller, slug, title, image, description, price, discount, kept, cart, bought, author_id, tag_id) values (212, '2018/01/26', 0, 'book-fnm-839', 'Daltfresh', 'http://dummyimage.com/235x100.png/cc0000/ffffff', 'Praesent blandit.', 901, 0.39, 127, 62, 407, 12, 31);
insert into books (id, pub_date, is_bestseller, slug, title, image, description, price, discount, kept, cart, bought, author_id, tag_id) values (213, '2011/08/25', 0, 'book-fce-639', 'Pannier', 'http://dummyimage.com/188x100.png/5fa2dd/ffffff', 'Morbi vestibulum, velit id pretium iaculis, diam erat fermentum justo, nec condimentum neque sapien placerat ante.', 521, 0.24, 117, 66, 479, 13, 4);
insert into books (id, pub_date, is_bestseller, slug, title, image, description, price, discount, kept, cart, bought, author_id, tag_id) values (214, '2020/06/09', 1, 'book-vpa-760', 'Tampflex', 'http://dummyimage.com/176x100.png/ff4444/ffffff', 'Nunc nisl. Duis bibendum, felis sed interdum venenatis, turpis enim blandit mi, in porttitor pede justo eu massa.', 2180, 0.31, 106, 27, 79, 8, 13);
insert into books (id, pub_date, is_bestseller, slug, title, image, description, price, discount, kept, cart, bought, author_id, tag_id) values (215, '2015/02/25', 1, 'book-zsm-165', 'Bigtax', 'http://dummyimage.com/122x100.png/5fa2dd/ffffff', 'Nulla ut erat id mauris vulputate elementum. Nullam varius.', 1147, 0.19, 78, 40, 227, 12, 13);
insert into books (id, pub_date, is_bestseller, slug, title, image, description, price, discount, kept, cart, bought, author_id, tag_id) values (216, '2006/10/13', 0, 'book-qbo-734', 'Tres-Zap', 'http://dummyimage.com/138x100.png/cc0000/ffffff', 'Vestibulum rutrum rutrum neque. Aenean auctor gravida sem.', 581, 0.41, 30, 10, 279, 11, 45);
insert into books (id, pub_date, is_bestseller, slug, title, image, description, price, discount, kept, cart, bought, author_id, tag_id) values (217, '2018/12/29', 0, 'book-jlr-869', 'Y-find', 'http://dummyimage.com/213x100.png/dddddd/000000', 'Maecenas leo odio, condimentum id, luctus nec, molestie sed, justo.', 195, 0.34, 23, 49, 202, 21, 26);
insert into books (id, pub_date, is_bestseller, slug, title, image, description, price, discount, kept, cart, bought, author_id, tag_id) values (218, '2012/02/11', 1, 'book-pzk-988', 'Redhold', 'http://dummyimage.com/235x100.png/dddddd/000000', 'Nulla nisl. Nunc nisl.', 866, 0.16, 88, 50, 71, 19, 40);
insert into books (id, pub_date, is_bestseller, slug, title, image, description, price, discount, kept, cart, bought, author_id, tag_id) values (219, '2021/07/17', 1, 'book-sup-820', 'Sub-Ex', 'http://dummyimage.com/158x100.png/ff4444/ffffff', 'Vivamus in felis eu sapien cursus vestibulum.', 2375, 0.05, 68, 50, 15, 15, 11);
insert into books (id, pub_date, is_bestseller, slug, title, image, description, price, discount, kept, cart, bought, author_id, tag_id) values (220, '2016/12/22', 1, 'book-imj-394', 'Regrant', 'http://dummyimage.com/200x100.png/dddddd/000000', 'Cras in purus eu magna vulputate luctus. Cum sociis natoque penatibus et magnis dis parturient montes, nascetur ridiculus mus.', 1437, 0.11, 4, 4, 144, 2, 45);
insert into books (id, pub_date, is_bestseller, slug, title, image, description, price, discount, kept, cart, bought, author_id, tag_id) values (221, '2012/04/13', 1, 'book-eah-236', 'Bitchip', 'http://dummyimage.com/104x100.png/dddddd/000000', 'In tempor, turpis nec euismod scelerisque, quam turpis adipiscing lorem, vitae mattis nibh ligula nec sem.', 713, 0.14, 97, 42, 451, 17, 11);
insert into books (id, pub_date, is_bestseller, slug, title, image, description, price, discount, kept, cart, bought, author_id, tag_id) values (222, '2020/12/06', 1, 'book-llc-006', 'Tempsoft', 'http://dummyimage.com/153x100.png/5fa2dd/ffffff', 'Praesent lectus. Vestibulum quam sapien, varius ut, blandit non, interdum in, ante.', 1434, 0.36, 42, 75, 58, 7, 2);
insert into books (id, pub_date, is_bestseller, slug, title, image, description, price, discount, kept, cart, bought, author_id, tag_id) values (223, '2010/06/09', 0, 'book-sav-605', 'Regrant', 'http://dummyimage.com/141x100.png/dddddd/000000', 'Morbi vel lectus in quam fringilla rhoncus.', 1179, 0.34, 110, 62, 64, 19, 30);
insert into books (id, pub_date, is_bestseller, slug, title, image, description, price, discount, kept, cart, bought, author_id, tag_id) values (224, '2007/02/28', 0, 'book-rhq-450', 'Mat Lam Tam', 'http://dummyimage.com/243x100.png/cc0000/ffffff', 'In est risus, auctor sed, tristique in, tempus sit amet, sem.', 1928, 0.44, 4, 59, 435, 14, 45);
insert into books (id, pub_date, is_bestseller, slug, title, image, description, price, discount, kept, cart, bought, author_id, tag_id) values (225, '2019/10/06', 1, 'book-xiu-229', 'Sub-Ex', 'http://dummyimage.com/153x100.png/cc0000/ffffff', 'Suspendisse ornare consequat lectus. In est risus, auctor sed, tristique in, tempus sit amet, sem.', 2004, 0.11, 117, 10, 152, 11, 13);
insert into books (id, pub_date, is_bestseller, slug, title, image, description, price, discount, kept, cart, bought, author_id, tag_id) values (226, '2009/03/10', 1, 'book-ohk-323', 'Bitwolf', 'http://dummyimage.com/170x100.png/dddddd/000000', 'Donec vitae nisi.', 2260, 0.48, 88, 43, 351, 2, 27);
insert into books (id, pub_date, is_bestseller, slug, title, image, description, price, discount, kept, cart, bought, author_id, tag_id) values (227, '2008/12/18', 0, 'book-jjs-269', 'Toughjoyfax', 'http://dummyimage.com/126x100.png/5fa2dd/ffffff', 'In hac habitasse platea dictumst. Aliquam augue quam, sollicitudin vitae, consectetuer eget, rutrum at, lorem.', 1753, 0.4, 90, 70, 220, 17, 10);
insert into books (id, pub_date, is_bestseller, slug, title, image, description, price, discount, kept, cart, bought, author_id, tag_id) values (228, '2011/10/13', 0, 'book-srz-544', 'Zoolab', 'http://dummyimage.com/177x100.png/ff4444/ffffff', 'In hac habitasse platea dictumst. Aliquam augue quam, sollicitudin vitae, consectetuer eget, rutrum at, lorem.', 409, 0.37, 108, 64, 481, 2, 49);
insert into books (id, pub_date, is_bestseller, slug, title, image, description, price, discount, kept, cart, bought, author_id, tag_id) values (229, '2019/08/15', 1, 'book-odv-706', 'Overhold', 'http://dummyimage.com/144x100.png/5fa2dd/ffffff', 'Integer ac leo. Pellentesque ultrices mattis odio.', 2264, 0.44, 148, 50, 32, 17, 8);
insert into books (id, pub_date, is_bestseller, slug, title, image, description, price, discount, kept, cart, bought, author_id, tag_id) values (230, '2012/12/24', 0, 'book-zbp-837', 'Keylex', 'http://dummyimage.com/108x100.png/5fa2dd/ffffff', 'Nam congue, risus semper porta volutpat, quam pede lobortis ligula, sit amet eleifend pede libero quis orci. Nullam molestie nibh in lectus.', 894, 0.33, 83, 57, 108, 18, 35);
insert into books (id, pub_date, is_bestseller, slug, title, image, description, price, discount, kept, cart, bought, author_id, tag_id) values (231, '2014/09/06', 1, 'book-osi-301', 'Cookley', 'http://dummyimage.com/135x100.png/ff4444/ffffff', 'Nulla neque libero, convallis eget, eleifend luctus, ultricies eu, nibh.', 564, 0.44, 44, 62, 356, 21, 2);
insert into books (id, pub_date, is_bestseller, slug, title, image, description, price, discount, kept, cart, bought, author_id, tag_id) values (232, '2010/05/26', 1, 'book-yhs-823', 'Prodder', 'http://dummyimage.com/203x100.png/ff4444/ffffff', 'Nam congue, risus semper porta volutpat, quam pede lobortis ligula, sit amet eleifend pede libero quis orci. Nullam molestie nibh in lectus.', 1162, 0.26, 1, 30, 368, 19, 9);
insert into books (id, pub_date, is_bestseller, slug, title, image, description, price, discount, kept, cart, bought, author_id, tag_id) values (233, '2010/02/06', 0, 'book-bsy-981', 'Toughjoyfax', 'http://dummyimage.com/122x100.png/ff4444/ffffff', 'In blandit ultrices enim. Lorem ipsum dolor sit amet, consectetuer adipiscing elit.', 1855, 0.18, 14, 9, 21, 14, 26);
insert into books (id, pub_date, is_bestseller, slug, title, image, description, price, discount, kept, cart, bought, author_id, tag_id) values (234, '2018/08/28', 0, 'book-mxt-438', 'Otcom', 'http://dummyimage.com/102x100.png/ff4444/ffffff', 'In blandit ultrices enim. Lorem ipsum dolor sit amet, consectetuer adipiscing elit.', 404, 0.13, 26, 6, 238, 14, 46);
insert into books (id, pub_date, is_bestseller, slug, title, image, description, price, discount, kept, cart, bought, author_id, tag_id) values (235, '2010/02/05', 1, 'book-khw-471', 'Bytecard', 'http://dummyimage.com/150x100.png/5fa2dd/ffffff', 'Nulla justo.', 2104, 0.14, 51, 40, 468, 9, 7);
insert into books (id, pub_date, is_bestseller, slug, title, image, description, price, discount, kept, cart, bought, author_id, tag_id) values (236, '2010/07/19', 1, 'book-khe-895', 'Y-find', 'http://dummyimage.com/136x100.png/ff4444/ffffff', 'Nam dui.', 2304, 0.08, 29, 58, 263, 12, 7);
insert into books (id, pub_date, is_bestseller, slug, title, image, description, price, discount, kept, cart, bought, author_id, tag_id) values (237, '2018/02/03', 0, 'book-wka-584', 'Home Ing', 'http://dummyimage.com/187x100.png/dddddd/000000', 'Cum sociis natoque penatibus et magnis dis parturient montes, nascetur ridiculus mus. Vivamus vestibulum sagittis sapien.', 940, 0.48, 121, 68, 116, 2, 26);
insert into books (id, pub_date, is_bestseller, slug, title, image, description, price, discount, kept, cart, bought, author_id, tag_id) values (238, '2008/10/19', 1, 'book-ovt-978', 'Tresom', 'http://dummyimage.com/193x100.png/ff4444/ffffff', 'Suspendisse potenti.', 1026, 0.21, 80, 23, 299, 21, 20);
insert into books (id, pub_date, is_bestseller, slug, title, image, description, price, discount, kept, cart, bought, author_id, tag_id) values (239, '2021/09/02', 0, 'book-mfd-211', 'Flowdesk', 'http://dummyimage.com/173x100.png/ff4444/ffffff', 'Aenean sit amet justo. Morbi ut odio.', 667, 0.08, 99, 56, 294, 16, 33);
insert into books (id, pub_date, is_bestseller, slug, title, image, description, price, discount, kept, cart, bought, author_id, tag_id) values (240, '2014/05/17', 0, 'book-pxc-759', 'Bytecard', 'http://dummyimage.com/173x100.png/cc0000/ffffff', 'Nam dui.', 1669, 0.23, 139, 14, 218, 7, 49);
insert into books (id, pub_date, is_bestseller, slug, title, image, description, price, discount, kept, cart, bought, author_id, tag_id) values (241, '2021/05/04', 0, 'book-vxt-515', 'Flexidy', 'http://dummyimage.com/200x100.png/5fa2dd/ffffff', 'Donec ut mauris eget massa tempor convallis.', 1998, 0.48, 2, 42, 87, 12, 24);
insert into books (id, pub_date, is_bestseller, slug, title, image, description, price, discount, kept, cart, bought, author_id, tag_id) values (242, '2011/04/04', 0, 'book-pjs-930', 'Bitwolf', 'http://dummyimage.com/150x100.png/5fa2dd/ffffff', 'Morbi non quam nec dui luctus rutrum. Nulla tellus.', 1106, 0.49, 72, 49, 39, 16, 6);
insert into books (id, pub_date, is_bestseller, slug, title, image, description, price, discount, kept, cart, bought, author_id, tag_id) values (243, '2008/07/18', 0, 'book-jgp-905', 'Ronstring', 'http://dummyimage.com/139x100.png/dddddd/000000', 'Morbi sem mauris, laoreet ut, rhoncus aliquet, pulvinar sed, nisl. Nunc rhoncus dui vel sem.', 1733, 0.31, 2, 18, 125, 17, 22);
insert into books (id, pub_date, is_bestseller, slug, title, image, description, price, discount, kept, cart, bought, author_id, tag_id) values (244, '2014/01/20', 1, 'book-zup-406', 'Fix San', 'http://dummyimage.com/186x100.png/dddddd/000000', 'Pellentesque viverra pede ac diam. Cras pellentesque volutpat dui.', 2042, 0.44, 49, 70, 18, 5, 38);
insert into books (id, pub_date, is_bestseller, slug, title, image, description, price, discount, kept, cart, bought, author_id, tag_id) values (245, '2008/12/23', 0, 'book-upj-112', 'Tempsoft', 'http://dummyimage.com/230x100.png/cc0000/ffffff', 'Curabitur convallis. Duis consequat dui nec nisi volutpat eleifend.', 928, 0.31, 147, 40, 412, 20, 23);
insert into books (id, pub_date, is_bestseller, slug, title, image, description, price, discount, kept, cart, bought, author_id, tag_id) values (246, '2020/10/02', 0, 'book-xbf-489', 'Temp', 'http://dummyimage.com/142x100.png/ff4444/ffffff', 'Vestibulum ante ipsum primis in faucibus orci luctus et ultrices posuere cubilia Curae; Duis faucibus accumsan odio.', 449, 0.42, 11, 27, 160, 17, 15);
insert into books (id, pub_date, is_bestseller, slug, title, image, description, price, discount, kept, cart, bought, author_id, tag_id) values (247, '2016/10/23', 1, 'book-qnu-278', 'Latlux', 'http://dummyimage.com/232x100.png/cc0000/ffffff', 'Nam nulla. Integer pede justo, lacinia eget, tincidunt eget, tempus vel, pede.', 915, 0.31, 86, 50, 147, 1, 32);
insert into books (id, pub_date, is_bestseller, slug, title, image, description, price, discount, kept, cart, bought, author_id, tag_id) values (248, '2015/12/01', 0, 'book-nzw-750', 'Flowdesk', 'http://dummyimage.com/208x100.png/cc0000/ffffff', 'Morbi quis tortor id nulla ultrices aliquet. Maecenas leo odio, condimentum id, luctus nec, molestie sed, justo.', 247, 0.38, 7, 30, 96, 16, 36);
insert into books (id, pub_date, is_bestseller, slug, title, image, description, price, discount, kept, cart, bought, author_id, tag_id) values (249, '2007/01/26', 0, 'book-sxt-280', 'Biodex', 'http://dummyimage.com/198x100.png/dddddd/000000', 'Nam congue, risus semper porta volutpat, quam pede lobortis ligula, sit amet eleifend pede libero quis orci.', 1566, 0.19, 82, 49, 309, 18, 6);
insert into books (id, pub_date, is_bestseller, slug, title, image, description, price, discount, kept, cart, bought, author_id, tag_id) values (250, '2009/10/14', 0, 'book-mma-184', 'Voyatouch', 'http://dummyimage.com/201x100.png/5fa2dd/ffffff', 'Nullam porttitor lacus at turpis.', 1818, 0.09, 38, 17, 51, 18, 43);
insert into books (id, pub_date, is_bestseller, slug, title, image, description, price, discount, kept, cart, bought, author_id, tag_id) values (251, '2013/02/24', 0, 'book-rrt-968', 'Bigtax', 'http://dummyimage.com/192x100.png/ff4444/ffffff', 'In hac habitasse platea dictumst. Morbi vestibulum, velit id pretium iaculis, diam erat fermentum justo, nec condimentum neque sapien placerat ante.', 329, 0.09, 41, 50, 103, 15, 29);
insert into books (id, pub_date, is_bestseller, slug, title, image, description, price, discount, kept, cart, bought, author_id, tag_id) values (252, '2013/10/24', 0, 'book-gyj-822', 'Regrant', 'http://dummyimage.com/169x100.png/dddddd/000000', 'Curabitur convallis.', 1348, 0.11, 147, 37, 175, 9, 35);
insert into books (id, pub_date, is_bestseller, slug, title, image, description, price, discount, kept, cart, bought, author_id, tag_id) values (253, '2009/07/20', 0, 'book-fsd-543', 'Viva', 'http://dummyimage.com/209x100.png/dddddd/000000', 'Etiam pretium iaculis justo.', 1825, 0.29, 16, 2, 210, 9, 42);
insert into books (id, pub_date, is_bestseller, slug, title, image, description, price, discount, kept, cart, bought, author_id, tag_id) values (254, '2016/03/02', 0, 'book-grn-855', 'Quo Lux', 'http://dummyimage.com/146x100.png/5fa2dd/ffffff', 'Vivamus vestibulum sagittis sapien. Cum sociis natoque penatibus et magnis dis parturient montes, nascetur ridiculus mus.', 714, 0.2, 37, 36, 454, 1, 34);
insert into books (id, pub_date, is_bestseller, slug, title, image, description, price, discount, kept, cart, bought, author_id, tag_id) values (255, '2020/07/19', 0, 'book-hav-680', 'Otcom', 'http://dummyimage.com/104x100.png/dddddd/000000', 'Morbi vel lectus in quam fringilla rhoncus.', 1817, 0.45, 54, 0, 19, 5, 34);
insert into books (id, pub_date, is_bestseller, slug, title, image, description, price, discount, kept, cart, bought, author_id, tag_id) values (256, '2021/05/19', 0, 'book-lpv-353', 'Viva', 'http://dummyimage.com/151x100.png/dddddd/000000', 'Nullam varius.', 1807, 0.37, 98, 57, 499, 6, 40);
insert into books (id, pub_date, is_bestseller, slug, title, image, description, price, discount, kept, cart, bought, author_id, tag_id) values (257, '2015/12/09', 1, 'book-hro-264', 'Sonsing', 'http://dummyimage.com/168x100.png/ff4444/ffffff', 'Nulla ac enim. In tempor, turpis nec euismod scelerisque, quam turpis adipiscing lorem, vitae mattis nibh ligula nec sem.', 191, 0.39, 45, 76, 245, 1, 14);
insert into books (id, pub_date, is_bestseller, slug, title, image, description, price, discount, kept, cart, bought, author_id, tag_id) values (258, '2006/08/08', 1, 'book-pwi-182', 'Daltfresh', 'http://dummyimage.com/157x100.png/5fa2dd/ffffff', 'Duis mattis egestas metus.', 2272, 0.34, 81, 65, 436, 16, 32);
insert into books (id, pub_date, is_bestseller, slug, title, image, description, price, discount, kept, cart, bought, author_id, tag_id) values (259, '2020/11/29', 0, 'book-nxy-243', 'Zontrax', 'http://dummyimage.com/173x100.png/cc0000/ffffff', 'Morbi vestibulum, velit id pretium iaculis, diam erat fermentum justo, nec condimentum neque sapien placerat ante. Nulla justo.', 2398, 0.32, 24, 76, 87, 19, 30);
insert into books (id, pub_date, is_bestseller, slug, title, image, description, price, discount, kept, cart, bought, author_id, tag_id) values (260, '2006/09/17', 0, 'book-kqd-160', 'Overhold', 'http://dummyimage.com/159x100.png/ff4444/ffffff', 'Quisque erat eros, viverra eget, congue eget, semper rutrum, nulla.', 1649, 0.31, 104, 28, 443, 15, 40);
insert into books (id, pub_date, is_bestseller, slug, title, image, description, price, discount, kept, cart, bought, author_id, tag_id) values (261, '2014/12/12', 0, 'book-uro-213', 'Biodex', 'http://dummyimage.com/140x100.png/cc0000/ffffff', 'Duis ac nibh. Fusce lacus purus, aliquet at, feugiat non, pretium quis, lectus.', 1409, 0.16, 61, 14, 66, 9, 15);
insert into books (id, pub_date, is_bestseller, slug, title, image, description, price, discount, kept, cart, bought, author_id, tag_id) values (262, '2008/08/21', 1, 'book-bht-550', 'Tresom', 'http://dummyimage.com/130x100.png/ff4444/ffffff', 'Vestibulum ante ipsum primis in faucibus orci luctus et ultrices posuere cubilia Curae; Donec pharetra, magna vestibulum aliquet ultrices, erat tortor sollicitudin mi, sit amet lobortis sapien sapien non mi. Integer ac neque.', 296, 0.31, 83, 78, 335, 18, 8);
insert into books (id, pub_date, is_bestseller, slug, title, image, description, price, discount, kept, cart, bought, author_id, tag_id) values (263, '2011/04/01', 1, 'book-qiu-983', 'Konklux', 'http://dummyimage.com/178x100.png/ff4444/ffffff', 'Donec diam neque, vestibulum eget, vulputate ut, ultrices vel, augue. Vestibulum ante ipsum primis in faucibus orci luctus et ultrices posuere cubilia Curae; Donec pharetra, magna vestibulum aliquet ultrices, erat tortor sollicitudin mi, sit amet lobortis sapien sapien non mi.', 751, 0.49, 146, 66, 33, 6, 27);
insert into books (id, pub_date, is_bestseller, slug, title, image, description, price, discount, kept, cart, bought, author_id, tag_id) values (264, '2021/11/07', 0, 'book-wqb-140', 'Otcom', 'http://dummyimage.com/238x100.png/5fa2dd/ffffff', 'In hac habitasse platea dictumst. Etiam faucibus cursus urna.', 1066, 0.1, 138, 19, 319, 20, 29);
insert into books (id, pub_date, is_bestseller, slug, title, image, description, price, discount, kept, cart, bought, author_id, tag_id) values (265, '2015/06/08', 0, 'book-edl-372', 'Bitwolf', 'http://dummyimage.com/127x100.png/dddddd/000000', 'Praesent blandit.', 867, 0.49, 119, 19, 476, 9, 26);
insert into books (id, pub_date, is_bestseller, slug, title, image, description, price, discount, kept, cart, bought, author_id, tag_id) values (266, '2008/10/22', 0, 'book-gjx-579', 'Cookley', 'http://dummyimage.com/191x100.png/5fa2dd/ffffff', 'In congue.', 2402, 0.32, 47, 6, 335, 4, 45);
insert into books (id, pub_date, is_bestseller, slug, title, image, description, price, discount, kept, cart, bought, author_id, tag_id) values (267, '2020/03/07', 0, 'book-mki-436', 'Bitwolf', 'http://dummyimage.com/136x100.png/ff4444/ffffff', 'Quisque ut erat.', 2251, 0.09, 37, 74, 459, 5, 42);
insert into books (id, pub_date, is_bestseller, slug, title, image, description, price, discount, kept, cart, bought, author_id, tag_id) values (268, '2011/09/07', 1, 'book-rai-964', 'Namfix', 'http://dummyimage.com/232x100.png/cc0000/ffffff', 'Nam tristique tortor eu pede.', 1806, 0.35, 64, 21, 355, 21, 25);
insert into books (id, pub_date, is_bestseller, slug, title, image, description, price, discount, kept, cart, bought, author_id, tag_id) values (269, '2015/08/30', 0, 'book-sfd-726', 'Flexidy', 'http://dummyimage.com/178x100.png/5fa2dd/ffffff', 'Pellentesque viverra pede ac diam. Cras pellentesque volutpat dui.', 560, 0.19, 136, 60, 190, 2, 38);
insert into books (id, pub_date, is_bestseller, slug, title, image, description, price, discount, kept, cart, bought, author_id, tag_id) values (270, '2011/09/02', 0, 'book-mnq-367', 'Tresom', 'http://dummyimage.com/151x100.png/ff4444/ffffff', 'In congue. Etiam justo.', 1132, 0.49, 73, 23, 387, 5, 48);
insert into books (id, pub_date, is_bestseller, slug, title, image, description, price, discount, kept, cart, bought, author_id, tag_id) values (271, '2017/06/04', 1, 'book-yzn-572', 'Rank', 'http://dummyimage.com/223x100.png/ff4444/ffffff', 'Aenean auctor gravida sem.', 433, 0.12, 39, 52, 465, 2, 16);
insert into books (id, pub_date, is_bestseller, slug, title, image, description, price, discount, kept, cart, bought, author_id, tag_id) values (272, '2016/08/18', 0, 'book-qgr-142', 'Otcom', 'http://dummyimage.com/137x100.png/5fa2dd/ffffff', 'Nam dui.', 1835, 0.35, 51, 2, 85, 14, 38);
insert into books (id, pub_date, is_bestseller, slug, title, image, description, price, discount, kept, cart, bought, author_id, tag_id) values (273, '2019/03/23', 0, 'book-hqt-081', 'Zontrax', 'http://dummyimage.com/184x100.png/cc0000/ffffff', 'Nulla suscipit ligula in lacus. Curabitur at ipsum ac tellus semper interdum.', 1951, 0.26, 82, 0, 401, 14, 19);
insert into books (id, pub_date, is_bestseller, slug, title, image, description, price, discount, kept, cart, bought, author_id, tag_id) values (274, '2016/03/09', 1, 'book-lip-871', 'Flexidy', 'http://dummyimage.com/200x100.png/dddddd/000000', 'Integer aliquet, massa id lobortis convallis, tortor risus dapibus augue, vel accumsan tellus nisi eu orci.', 1622, 0.31, 5, 49, 396, 20, 17);
insert into books (id, pub_date, is_bestseller, slug, title, image, description, price, discount, kept, cart, bought, author_id, tag_id) values (275, '2013/08/19', 1, 'book-xku-688', 'Lotstring', 'http://dummyimage.com/123x100.png/ff4444/ffffff', 'Vivamus vel nulla eget eros elementum pellentesque.', 1602, 0.18, 20, 25, 271, 4, 45);
insert into books (id, pub_date, is_bestseller, slug, title, image, description, price, discount, kept, cart, bought, author_id, tag_id) values (276, '2022/10/14', 0, 'book-vxb-075', 'Zaam-Dox', 'http://dummyimage.com/240x100.png/ff4444/ffffff', 'Vestibulum ante ipsum primis in faucibus orci luctus et ultrices posuere cubilia Curae; Mauris viverra diam vitae quam. Suspendisse potenti.', 473, 0.33, 109, 77, 369, 10, 39);
insert into books (id, pub_date, is_bestseller, slug, title, image, description, price, discount, kept, cart, bought, author_id, tag_id) values (277, '2022/06/15', 0, 'book-puv-779', 'Ronstring', 'http://dummyimage.com/188x100.png/5fa2dd/ffffff', 'Nam nulla.', 383, 0.18, 7, 7, 175, 20, 39);
insert into books (id, pub_date, is_bestseller, slug, title, image, description, price, discount, kept, cart, bought, author_id, tag_id) values (278, '2009/08/02', 1, 'book-npm-302', 'Fintone', 'http://dummyimage.com/217x100.png/5fa2dd/ffffff', 'Nullam sit amet turpis elementum ligula vehicula consequat.', 2454, 0.34, 69, 73, 206, 5, 8);
insert into books (id, pub_date, is_bestseller, slug, title, image, description, price, discount, kept, cart, bought, author_id, tag_id) values (279, '2022/06/29', 1, 'book-esr-668', 'Namfix', 'http://dummyimage.com/146x100.png/cc0000/ffffff', 'Morbi ut odio.', 1664, 0.06, 94, 49, 253, 10, 11);
insert into books (id, pub_date, is_bestseller, slug, title, image, description, price, discount, kept, cart, bought, author_id, tag_id) values (280, '2022/03/19', 0, 'book-xfa-322', 'Stringtough', 'http://dummyimage.com/100x100.png/ff4444/ffffff', 'Vestibulum ac est lacinia nisi venenatis tristique. Fusce congue, diam id ornare imperdiet, sapien urna pretium nisl, ut volutpat sapien arcu sed augue.', 280, 0.1, 90, 15, 376, 19, 45);
insert into books (id, pub_date, is_bestseller, slug, title, image, description, price, discount, kept, cart, bought, author_id, tag_id) values (281, '2006/04/03', 0, 'book-nft-542', 'Konklux', 'http://dummyimage.com/177x100.png/5fa2dd/ffffff', 'Vivamus in felis eu sapien cursus vestibulum.', 1981, 0.3, 132, 71, 43, 11, 31);
insert into books (id, pub_date, is_bestseller, slug, title, image, description, price, discount, kept, cart, bought, author_id, tag_id) values (282, '2007/09/26', 0, 'book-tou-503', 'Domainer', 'http://dummyimage.com/208x100.png/cc0000/ffffff', 'Suspendisse potenti. Cras in purus eu magna vulputate luctus.', 417, 0.36, 41, 45, 140, 8, 32);
insert into books (id, pub_date, is_bestseller, slug, title, image, description, price, discount, kept, cart, bought, author_id, tag_id) values (283, '2010/02/26', 1, 'book-qah-839', 'Wrapsafe', 'http://dummyimage.com/250x100.png/cc0000/ffffff', 'Vestibulum ante ipsum primis in faucibus orci luctus et ultrices posuere cubilia Curae; Donec pharetra, magna vestibulum aliquet ultrices, erat tortor sollicitudin mi, sit amet lobortis sapien sapien non mi. Integer ac neque.', 1481, 0.27, 29, 49, 409, 1, 40);
insert into books (id, pub_date, is_bestseller, slug, title, image, description, price, discount, kept, cart, bought, author_id, tag_id) values (284, '2008/12/22', 1, 'book-ysg-852', 'Tempsoft', 'http://dummyimage.com/121x100.png/dddddd/000000', 'Mauris sit amet eros. Suspendisse accumsan tortor quis turpis.', 1102, 0.2, 14, 22, 444, 20, 20);
insert into books (id, pub_date, is_bestseller, slug, title, image, description, price, discount, kept, cart, bought, author_id, tag_id) values (285, '2008/04/14', 1, 'book-bow-407', 'Vagram', 'http://dummyimage.com/238x100.png/5fa2dd/ffffff', 'Morbi non lectus. Aliquam sit amet diam in magna bibendum imperdiet.', 2217, 0.31, 2, 33, 309, 8, 28);
insert into books (id, pub_date, is_bestseller, slug, title, image, description, price, discount, kept, cart, bought, author_id, tag_id) values (286, '2011/01/11', 0, 'book-kue-533', 'Home Ing', 'http://dummyimage.com/165x100.png/5fa2dd/ffffff', 'Praesent id massa id nisl venenatis lacinia.', 689, 0.07, 137, 37, 242, 2, 37);
insert into books (id, pub_date, is_bestseller, slug, title, image, description, price, discount, kept, cart, bought, author_id, tag_id) values (287, '2009/05/11', 1, 'book-qvm-475', 'Bytecard', 'http://dummyimage.com/179x100.png/dddddd/000000', 'In hac habitasse platea dictumst. Morbi vestibulum, velit id pretium iaculis, diam erat fermentum justo, nec condimentum neque sapien placerat ante.', 1534, 0.23, 15, 40, 86, 3, 27);
insert into books (id, pub_date, is_bestseller, slug, title, image, description, price, discount, kept, cart, bought, author_id, tag_id) values (288, '2019/04/14', 1, 'book-oox-983', 'Mat Lam Tam', 'http://dummyimage.com/207x100.png/ff4444/ffffff', 'Vestibulum quam sapien, varius ut, blandit non, interdum in, ante.', 617, 0.07, 120, 72, 466, 5, 3);
insert into books (id, pub_date, is_bestseller, slug, title, image, description, price, discount, kept, cart, bought, author_id, tag_id) values (289, '2010/12/06', 1, 'book-scp-792', 'Ronstring', 'http://dummyimage.com/149x100.png/cc0000/ffffff', 'Vestibulum quam sapien, varius ut, blandit non, interdum in, ante.', 1130, 0.33, 25, 77, 204, 10, 18);
insert into books (id, pub_date, is_bestseller, slug, title, image, description, price, discount, kept, cart, bought, author_id, tag_id) values (290, '2006/10/31', 0, 'book-uoh-588', 'Redhold', 'http://dummyimage.com/246x100.png/dddddd/000000', 'Aliquam sit amet diam in magna bibendum imperdiet. Nullam orci pede, venenatis non, sodales sed, tincidunt eu, felis.', 2191, 0.41, 84, 26, 37, 3, 49);
insert into books (id, pub_date, is_bestseller, slug, title, image, description, price, discount, kept, cart, bought, author_id, tag_id) values (291, '2015/10/18', 0, 'book-mfy-862', 'Cardify', 'http://dummyimage.com/169x100.png/ff4444/ffffff', 'Nulla facilisi.', 1572, 0.29, 12, 17, 294, 17, 2);
insert into books (id, pub_date, is_bestseller, slug, title, image, description, price, discount, kept, cart, bought, author_id, tag_id) values (292, '2006/11/20', 1, 'book-vwd-266', 'Biodex', 'http://dummyimage.com/241x100.png/dddddd/000000', 'Quisque erat eros, viverra eget, congue eget, semper rutrum, nulla. Nunc purus.', 362, 0.35, 23, 33, 385, 1, 3);
insert into books (id, pub_date, is_bestseller, slug, title, image, description, price, discount, kept, cart, bought, author_id, tag_id) values (293, '2011/09/04', 0, 'book-dhl-311', 'Kanlam', 'http://dummyimage.com/183x100.png/cc0000/ffffff', 'Pellentesque eget nunc.', 849, 0.5, 64, 15, 6, 16, 29);
insert into books (id, pub_date, is_bestseller, slug, title, image, description, price, discount, kept, cart, bought, author_id, tag_id) values (294, '2013/08/17', 0, 'book-zkl-016', 'Otcom', 'http://dummyimage.com/240x100.png/ff4444/ffffff', 'Morbi porttitor lorem id ligula.', 760, 0.32, 63, 11, 248, 3, 39);
insert into books (id, pub_date, is_bestseller, slug, title, image, description, price, discount, kept, cart, bought, author_id, tag_id) values (295, '2009/03/22', 1, 'book-bnb-070', 'Alpha', 'http://dummyimage.com/247x100.png/dddddd/000000', 'Sed ante.', 612, 0.2, 45, 48, 174, 19, 26);
insert into books (id, pub_date, is_bestseller, slug, title, image, description, price, discount, kept, cart, bought, author_id, tag_id) values (296, '2020/08/11', 0, 'book-wbj-305', 'Latlux', 'http://dummyimage.com/174x100.png/dddddd/000000', 'Duis bibendum, felis sed interdum venenatis, turpis enim blandit mi, in porttitor pede justo eu massa. Donec dapibus.', 962, 0.22, 64, 19, 169, 18, 32);
insert into books (id, pub_date, is_bestseller, slug, title, image, description, price, discount, kept, cart, bought, author_id, tag_id) values (297, '2017/03/24', 1, 'book-nhu-271', 'Lotstring', 'http://dummyimage.com/162x100.png/ff4444/ffffff', 'Aliquam erat volutpat. In congue.', 222, 0.43, 26, 56, 434, 9, 20);
insert into books (id, pub_date, is_bestseller, slug, title, image, description, price, discount, kept, cart, bought, author_id, tag_id) values (298, '2020/02/16', 0, 'book-ujm-676', 'Solarbreeze', 'http://dummyimage.com/175x100.png/5fa2dd/ffffff', 'Mauris lacinia sapien quis libero. Nullam sit amet turpis elementum ligula vehicula consequat.', 922, 0.08, 22, 45, 173, 19, 37);
insert into books (id, pub_date, is_bestseller, slug, title, image, description, price, discount, kept, cart, bought, author_id, tag_id) values (299, '2011/05/12', 1, 'book-tdx-035', 'Toughjoyfax', 'http://dummyimage.com/240x100.png/cc0000/ffffff', 'Maecenas ut massa quis augue luctus tincidunt.', 2442, 0.48, 128, 10, 9, 15, 21);
insert into books (id, pub_date, is_bestseller, slug, title, image, description, price, discount, kept, cart, bought, author_id, tag_id) values (300, '2011/08/16', 0, 'book-ttr-864', 'Stim', 'http://dummyimage.com/189x100.png/dddddd/000000', 'Quisque arcu libero, rutrum ac, lobortis vel, dapibus at, diam.', 934, 0.14, 63, 16, 14, 10, 35);

insert into genre (id, name, parent_id, slug) values (1, 'Лёгкое чтение', -1, 'genre-scf-109');
insert into genre (id, name, parent_id, slug) values (2, 'Фантастика', -1, 'genre-rhv-716');
insert into genre (id, name, parent_id, slug) values (3, 'Боевики', -1, 'genre-zvv-900');
insert into genre (id, name, parent_id, slug) values (4, 'Детективы', -1, 'genre-nyw-314');
insert into genre (id, name, parent_id, slug) values (5, 'Триллер', 4, 'genre-fkf-140');
insert into genre (id, name, parent_id, slug) values (6, 'Крутой детектив', 4, 'genre-ziu-772');
insert into genre (id, name, parent_id, slug) values (7, 'Иронический детектив', 4, 'genre-wgz-251');
insert into genre (id, name, parent_id, slug) values (8, 'Про маньяков', 4, 'genre-diz-165');
insert into genre (id, name, parent_id, slug) values (9, 'Шпионский детектив', 4, 'genre-yln-031');
insert into genre (id, name, parent_id, slug) values (10, 'Криминальный детектив', 4, 'genre-pue-433');
insert into genre (id, name, parent_id, slug) values (11, 'Классический детектив', 4, 'genre-tfu-493');
insert into genre (id, name, parent_id, slug) values (12, 'Политический детектив', 4, 'genre-hfl-763');
insert into genre (id, name, parent_id, slug) values (13, 'Фэнтези', -1, 'genre-gdx-826');
insert into genre (id, name, parent_id, slug) values (14, 'Романы', -1, 'genre-qvm-425');
insert into genre (id, name, parent_id, slug) values (15, 'Ужасы', -1, 'genre-unc-646');
insert into genre (id, name, parent_id, slug) values (16, 'Приключения', -1, 'genre-gcb-447');
insert into genre (id, name, parent_id, slug) values (17, 'Серьёзное чтение', -1, 'genre-pal-862');
insert into genre (id, name, parent_id, slug) values (18, 'Биографии', 17, 'genre-lcs-941');
insert into genre (id, name, parent_id, slug) values (19, 'Деловая литература', -1, 'genre-kqh-916');
insert into genre (id, name, parent_id, slug) values (20, 'Управление экономикой', 19, 'genre-eqk-975');
insert into genre (id, name, parent_id, slug) values (21, 'Карьера', 19, 'genre-arq-317');
insert into genre (id, name, parent_id, slug) values (22, 'Маркетинг, PR, реклама', 19, 'genre-uiw-685');
insert into genre (id, name, parent_id, slug) values (23, 'Финансы', 19, 'genre-vcd-906');
insert into genre (id, name, parent_id, slug) values (24, 'Бизнес-справочники', 19, 'genre-mxj-763');
insert into genre (id, name, parent_id, slug) values (25, 'Личные финансы', 19, 'genre-for-249');
insert into genre (id, name, parent_id, slug) values (26, 'Менеджмент', 19, 'genre-cyt-429');
insert into genre (id, name, parent_id, slug) values (27, 'Зарубежная деловая литература', 19, 'genre-xcf-249');
insert into genre (id, name, parent_id, slug) values (28, 'Личная эффективность', 19, 'genre-gsm-808');
insert into genre (id, name, parent_id, slug) values (29, 'Тайм-менеджмент', 19, 'genre-xsi-244');
insert into genre (id, name, parent_id, slug) values (30, 'Малый бизнес', 19, 'genre-zxx-240');
insert into genre (id, name, parent_id, slug) values (31, 'Продажи', 19, 'genre-zer-637');
insert into genre (id, name, parent_id, slug) values (32, 'Стартапы и создание бизнеса', 19, 'genre-lrs-242');
insert into genre (id, name, parent_id, slug) values (33, 'Корпоративная культура', 19, 'genre-thk-844');
insert into genre (id, name, parent_id, slug) values (34, 'Банковское дело', 19, 'genre-qpd-820');
insert into genre (id, name, parent_id, slug) values (35, 'Логистика', 19, 'genre-mdi-829');
insert into genre (id, name, parent_id, slug) values (36, 'Недвижимость', 19, 'genre-fwu-471');
insert into genre (id, name, parent_id, slug) values (37, 'Интернет-бизнес', 19, 'genre-fzp-661');
insert into genre (id, name, parent_id, slug) values (38, 'Ораторское искусство / риторика', 19, 'genre-fdp-670');
insert into genre (id, name, parent_id, slug) values (39, 'Привлечение клиентов и лояльность', 19, 'genre-zgb-214');
insert into genre (id, name, parent_id, slug) values (40, 'Делопроизводство', 19, 'genre-xgo-177');
insert into genre (id, name, parent_id, slug) values (41, 'Переговоры', 19, 'genre-jpr-974');
insert into genre (id, name, parent_id, slug) values (42, 'Государственное и муниципальное управление, политическое управление', 19, 'genre-srd-345');
insert into genre (id, name, parent_id, slug) values (43, 'О бизнесе популярно', 19, 'genre-nji-034');
insert into genre (id, name, parent_id, slug) values (44, 'Ценные бумаги / инвестиции', 19, 'genre-pso-608');
insert into genre (id, name, parent_id, slug) values (45, 'Бухучет / налогообложение / аудит', 19, 'genre-qmz-644');
insert into genre (id, name, parent_id, slug) values (46, 'Российская практика', 19, 'genre-qnr-696');
insert into genre (id, name, parent_id, slug) values (47, 'Истории успеха', 19, 'genre-vta-422');
insert into genre (id, name, parent_id, slug) values (48, 'Интернет-маркетинг', 19, 'genre-clt-807');
insert into genre (id, name, parent_id, slug) values (49, 'Лидерство', 19, 'genre-skt-906');
insert into genre (id, name, parent_id, slug) values (50, 'Проектный менеджмент', 19, 'genre-mte-984');
insert into genre (id, name, parent_id, slug) values (51, 'Управление качеством', 19, 'genre-tta-786');
insert into genre (id, name, parent_id, slug) values (52, 'Финансовый менеджмент', 19, 'genre-msm-786');
insert into genre (id, name, parent_id, slug) values (53, 'Управление персоналом', 19, 'genre-qod-043');
insert into genre (id, name, parent_id, slug) values (54, 'Бизнес-процессы', 19, 'genre-ruh-689');
insert into genre (id, name, parent_id, slug) values (55, 'Управление бизнесом', 19, 'genre-aul-006');
insert into genre (id, name, parent_id, slug) values (56, 'Драматургия', -1, 'genre-hpo-624');
insert into genre (id, name, parent_id, slug) values (57, 'Античная драма', 56, 'genre-whq-391');
insert into genre (id, name, parent_id, slug) values (58, 'Комедия', 56, 'genre-gft-618');
insert into genre (id, name, parent_id, slug) values (59, 'Сценарий', 56, 'genre-pyj-512');
insert into genre (id, name, parent_id, slug) values (60, 'Драма, пьеса', 56, 'genre-fis-022');

insert into book2genre (id, book_id, genre_id) values (1, 228, 31);
insert into book2genre (id, book_id, genre_id) values (2, 118, 12);
insert into book2genre (id, book_id, genre_id) values (3, 84, 7);
insert into book2genre (id, book_id, genre_id) values (4, 230, 27);
insert into book2genre (id, book_id, genre_id) values (5, 275, 22);
insert into book2genre (id, book_id, genre_id) values (6, 147, 31);
insert into book2genre (id, book_id, genre_id) values (7, 72, 44);
insert into book2genre (id, book_id, genre_id) values (8, 245, 35);
insert into book2genre (id, book_id, genre_id) values (9, 217, 20);
insert into book2genre (id, book_id, genre_id) values (10, 89, 45);
insert into book2genre (id, book_id, genre_id) values (11, 35, 11);
insert into book2genre (id, book_id, genre_id) values (12, 79, 53);
insert into book2genre (id, book_id, genre_id) values (13, 151, 17);
insert into book2genre (id, book_id, genre_id) values (14, 221, 3);
insert into book2genre (id, book_id, genre_id) values (15, 61, 21);
insert into book2genre (id, book_id, genre_id) values (16, 115, 59);
insert into book2genre (id, book_id, genre_id) values (17, 234, 24);
insert into book2genre (id, book_id, genre_id) values (18, 237, 4);
insert into book2genre (id, book_id, genre_id) values (19, 69, 55);
insert into book2genre (id, book_id, genre_id) values (20, 173, 27);
insert into book2genre (id, book_id, genre_id) values (21, 15, 11);
insert into book2genre (id, book_id, genre_id) values (22, 90, 32);
insert into book2genre (id, book_id, genre_id) values (23, 133, 52);
insert into book2genre (id, book_id, genre_id) values (24, 226, 40);
insert into book2genre (id, book_id, genre_id) values (25, 85, 46);
insert into book2genre (id, book_id, genre_id) values (26, 97, 30);
insert into book2genre (id, book_id, genre_id) values (27, 286, 16);
insert into book2genre (id, book_id, genre_id) values (28, 113, 57);
insert into book2genre (id, book_id, genre_id) values (29, 49, 27);
insert into book2genre (id, book_id, genre_id) values (30, 221, 28);
insert into book2genre (id, book_id, genre_id) values (31, 186, 13);
insert into book2genre (id, book_id, genre_id) values (32, 258, 9);
insert into book2genre (id, book_id, genre_id) values (33, 268, 28);
insert into book2genre (id, book_id, genre_id) values (34, 121, 60);
insert into book2genre (id, book_id, genre_id) values (35, 295, 12);
insert into book2genre (id, book_id, genre_id) values (36, 266, 53);
insert into book2genre (id, book_id, genre_id) values (37, 29, 30);
insert into book2genre (id, book_id, genre_id) values (38, 278, 24);
insert into book2genre (id, book_id, genre_id) values (39, 150, 53);
insert into book2genre (id, book_id, genre_id) values (40, 235, 51);
insert into book2genre (id, book_id, genre_id) values (41, 251, 39);
insert into book2genre (id, book_id, genre_id) values (42, 16, 33);
insert into book2genre (id, book_id, genre_id) values (43, 55, 36);
insert into book2genre (id, book_id, genre_id) values (44, 211, 27);
insert into book2genre (id, book_id, genre_id) values (45, 67, 1);
insert into book2genre (id, book_id, genre_id) values (46, 244, 38);
insert into book2genre (id, book_id, genre_id) values (47, 290, 52);
insert into book2genre (id, book_id, genre_id) values (48, 9, 16);
insert into book2genre (id, book_id, genre_id) values (49, 25, 21);
insert into book2genre (id, book_id, genre_id) values (50, 231, 44);
insert into book2genre (id, book_id, genre_id) values (51, 137, 20);
insert into book2genre (id, book_id, genre_id) values (52, 62, 26);
insert into book2genre (id, book_id, genre_id) values (53, 34, 41);
insert into book2genre (id, book_id, genre_id) values (54, 114, 28);
insert into book2genre (id, book_id, genre_id) values (55, 138, 56);
insert into book2genre (id, book_id, genre_id) values (56, 101, 23);
insert into book2genre (id, book_id, genre_id) values (57, 81, 48);
insert into book2genre (id, book_id, genre_id) values (58, 268, 40);
insert into book2genre (id, book_id, genre_id) values (59, 35, 45);
insert into book2genre (id, book_id, genre_id) values (60, 234, 36);
insert into book2genre (id, book_id, genre_id) values (61, 275, 7);
insert into book2genre (id, book_id, genre_id) values (62, 245, 24);
insert into book2genre (id, book_id, genre_id) values (63, 24, 56);
insert into book2genre (id, book_id, genre_id) values (64, 288, 15);
insert into book2genre (id, book_id, genre_id) values (65, 53, 26);
insert into book2genre (id, book_id, genre_id) values (66, 156, 25);
insert into book2genre (id, book_id, genre_id) values (67, 245, 39);
insert into book2genre (id, book_id, genre_id) values (68, 28, 8);
insert into book2genre (id, book_id, genre_id) values (69, 26, 54);
insert into book2genre (id, book_id, genre_id) values (70, 254, 56);
insert into book2genre (id, book_id, genre_id) values (71, 10, 5);
insert into book2genre (id, book_id, genre_id) values (72, 112, 56);
insert into book2genre (id, book_id, genre_id) values (73, 258, 47);
insert into book2genre (id, book_id, genre_id) values (74, 185, 13);
insert into book2genre (id, book_id, genre_id) values (75, 72, 1);
insert into book2genre (id, book_id, genre_id) values (76, 292, 10);
insert into book2genre (id, book_id, genre_id) values (77, 173, 28);
insert into book2genre (id, book_id, genre_id) values (78, 296, 1);
insert into book2genre (id, book_id, genre_id) values (79, 94, 38);
insert into book2genre (id, book_id, genre_id) values (80, 47, 22);
insert into book2genre (id, book_id, genre_id) values (81, 194, 50);
insert into book2genre (id, book_id, genre_id) values (82, 122, 52);
insert into book2genre (id, book_id, genre_id) values (83, 88, 53);
insert into book2genre (id, book_id, genre_id) values (84, 245, 25);
insert into book2genre (id, book_id, genre_id) values (85, 207, 41);
insert into book2genre (id, book_id, genre_id) values (86, 244, 33);
insert into book2genre (id, book_id, genre_id) values (87, 33, 19);
insert into book2genre (id, book_id, genre_id) values (88, 96, 16);
insert into book2genre (id, book_id, genre_id) values (89, 182, 29);
insert into book2genre (id, book_id, genre_id) values (90, 54, 24);
insert into book2genre (id, book_id, genre_id) values (91, 274, 3);
insert into book2genre (id, book_id, genre_id) values (92, 38, 45);
insert into book2genre (id, book_id, genre_id) values (93, 206, 7);
insert into book2genre (id, book_id, genre_id) values (94, 276, 45);
insert into book2genre (id, book_id, genre_id) values (95, 97, 1);
insert into book2genre (id, book_id, genre_id) values (96, 31, 17);
insert into book2genre (id, book_id, genre_id) values (97, 207, 19);
insert into book2genre (id, book_id, genre_id) values (98, 89, 23);
insert into book2genre (id, book_id, genre_id) values (99, 101, 31);
insert into book2genre (id, book_id, genre_id) values (100, 83, 9);
insert into book2genre (id, book_id, genre_id) values (101, 235, 39);
insert into book2genre (id, book_id, genre_id) values (102, 297, 31);
insert into book2genre (id, book_id, genre_id) values (103, 196, 49);
insert into book2genre (id, book_id, genre_id) values (104, 94, 40);
insert into book2genre (id, book_id, genre_id) values (105, 113, 39);
insert into book2genre (id, book_id, genre_id) values (106, 35, 10);
insert into book2genre (id, book_id, genre_id) values (107, 233, 41);
insert into book2genre (id, book_id, genre_id) values (108, 43, 11);
insert into book2genre (id, book_id, genre_id) values (109, 78, 43);
insert into book2genre (id, book_id, genre_id) values (110, 29, 49);
insert into book2genre (id, book_id, genre_id) values (111, 168, 43);
insert into book2genre (id, book_id, genre_id) values (112, 190, 24);
insert into book2genre (id, book_id, genre_id) values (113, 257, 17);
insert into book2genre (id, book_id, genre_id) values (114, 143, 18);
insert into book2genre (id, book_id, genre_id) values (115, 12, 34);
insert into book2genre (id, book_id, genre_id) values (116, 142, 18);
insert into book2genre (id, book_id, genre_id) values (117, 201, 30);
insert into book2genre (id, book_id, genre_id) values (118, 48, 33);
insert into book2genre (id, book_id, genre_id) values (119, 111, 37);
insert into book2genre (id, book_id, genre_id) values (120, 170, 26);
insert into book2genre (id, book_id, genre_id) values (121, 43, 37);
insert into book2genre (id, book_id, genre_id) values (122, 77, 24);
insert into book2genre (id, book_id, genre_id) values (123, 156, 42);
insert into book2genre (id, book_id, genre_id) values (124, 58, 14);
insert into book2genre (id, book_id, genre_id) values (125, 258, 56);
insert into book2genre (id, book_id, genre_id) values (126, 229, 32);
insert into book2genre (id, book_id, genre_id) values (127, 285, 28);
insert into book2genre (id, book_id, genre_id) values (128, 46, 8);
insert into book2genre (id, book_id, genre_id) values (129, 4, 32);
insert into book2genre (id, book_id, genre_id) values (130, 223, 44);
insert into book2genre (id, book_id, genre_id) values (131, 225, 57);
insert into book2genre (id, book_id, genre_id) values (132, 139, 19);
insert into book2genre (id, book_id, genre_id) values (133, 16, 12);
insert into book2genre (id, book_id, genre_id) values (134, 166, 4);
insert into book2genre (id, book_id, genre_id) values (135, 151, 20);
insert into book2genre (id, book_id, genre_id) values (136, 32, 45);
insert into book2genre (id, book_id, genre_id) values (137, 98, 56);
insert into book2genre (id, book_id, genre_id) values (138, 164, 11);
insert into book2genre (id, book_id, genre_id) values (139, 4, 35);
insert into book2genre (id, book_id, genre_id) values (140, 37, 12);
insert into book2genre (id, book_id, genre_id) values (141, 120, 40);
insert into book2genre (id, book_id, genre_id) values (142, 288, 56);
insert into book2genre (id, book_id, genre_id) values (143, 97, 29);
insert into book2genre (id, book_id, genre_id) values (144, 206, 35);
insert into book2genre (id, book_id, genre_id) values (145, 230, 47);
insert into book2genre (id, book_id, genre_id) values (146, 169, 10);
insert into book2genre (id, book_id, genre_id) values (147, 54, 19);
insert into book2genre (id, book_id, genre_id) values (148, 100, 2);
insert into book2genre (id, book_id, genre_id) values (149, 236, 52);
insert into book2genre (id, book_id, genre_id) values (150, 86, 53);
insert into book2genre (id, book_id, genre_id) values (151, 114, 43);
insert into book2genre (id, book_id, genre_id) values (152, 24, 53);
insert into book2genre (id, book_id, genre_id) values (153, 173, 59);
insert into book2genre (id, book_id, genre_id) values (154, 135, 43);
insert into book2genre (id, book_id, genre_id) values (155, 37, 25);
insert into book2genre (id, book_id, genre_id) values (156, 143, 48);
insert into book2genre (id, book_id, genre_id) values (157, 196, 12);
insert into book2genre (id, book_id, genre_id) values (158, 18, 9);
insert into book2genre (id, book_id, genre_id) values (159, 276, 43);
insert into book2genre (id, book_id, genre_id) values (160, 13, 35);
insert into book2genre (id, book_id, genre_id) values (161, 268, 6);
insert into book2genre (id, book_id, genre_id) values (162, 104, 42);
insert into book2genre (id, book_id, genre_id) values (163, 277, 14);
insert into book2genre (id, book_id, genre_id) values (164, 148, 17);
insert into book2genre (id, book_id, genre_id) values (165, 33, 14);
insert into book2genre (id, book_id, genre_id) values (166, 191, 21);
insert into book2genre (id, book_id, genre_id) values (167, 63, 9);
insert into book2genre (id, book_id, genre_id) values (168, 188, 33);
insert into book2genre (id, book_id, genre_id) values (169, 83, 18);
insert into book2genre (id, book_id, genre_id) values (170, 293, 42);
insert into book2genre (id, book_id, genre_id) values (171, 280, 31);
insert into book2genre (id, book_id, genre_id) values (172, 13, 14);
insert into book2genre (id, book_id, genre_id) values (173, 131, 32);
insert into book2genre (id, book_id, genre_id) values (174, 236, 12);
insert into book2genre (id, book_id, genre_id) values (175, 81, 23);
insert into book2genre (id, book_id, genre_id) values (176, 213, 18);
insert into book2genre (id, book_id, genre_id) values (177, 277, 40);
insert into book2genre (id, book_id, genre_id) values (178, 125, 50);
insert into book2genre (id, book_id, genre_id) values (179, 285, 50);
insert into book2genre (id, book_id, genre_id) values (180, 106, 8);
insert into book2genre (id, book_id, genre_id) values (181, 277, 39);
insert into book2genre (id, book_id, genre_id) values (182, 233, 20);
insert into book2genre (id, book_id, genre_id) values (183, 12, 4);
insert into book2genre (id, book_id, genre_id) values (184, 81, 6);
insert into book2genre (id, book_id, genre_id) values (185, 179, 55);
insert into book2genre (id, book_id, genre_id) values (186, 107, 46);
insert into book2genre (id, book_id, genre_id) values (187, 3, 4);
insert into book2genre (id, book_id, genre_id) values (188, 75, 26);
insert into book2genre (id, book_id, genre_id) values (189, 246, 58);
insert into book2genre (id, book_id, genre_id) values (190, 139, 31);
insert into book2genre (id, book_id, genre_id) values (191, 74, 26);
insert into book2genre (id, book_id, genre_id) values (192, 207, 58);
insert into book2genre (id, book_id, genre_id) values (193, 55, 22);
insert into book2genre (id, book_id, genre_id) values (194, 218, 52);
insert into book2genre (id, book_id, genre_id) values (195, 298, 21);
insert into book2genre (id, book_id, genre_id) values (196, 167, 46);
insert into book2genre (id, book_id, genre_id) values (197, 130, 23);
insert into book2genre (id, book_id, genre_id) values (198, 153, 60);
insert into book2genre (id, book_id, genre_id) values (199, 121, 30);
insert into book2genre (id, book_id, genre_id) values (200, 20, 48);
insert into book2genre (id, book_id, genre_id) values (201, 129, 21);
insert into book2genre (id, book_id, genre_id) values (202, 239, 25);
insert into book2genre (id, book_id, genre_id) values (203, 34, 55);
insert into book2genre (id, book_id, genre_id) values (204, 69, 30);
insert into book2genre (id, book_id, genre_id) values (205, 200, 47);
insert into book2genre (id, book_id, genre_id) values (206, 30, 19);
insert into book2genre (id, book_id, genre_id) values (207, 269, 12);
insert into book2genre (id, book_id, genre_id) values (208, 219, 39);
insert into book2genre (id, book_id, genre_id) values (209, 186, 27);
insert into book2genre (id, book_id, genre_id) values (210, 145, 26);
insert into book2genre (id, book_id, genre_id) values (211, 82, 18);
insert into book2genre (id, book_id, genre_id) values (212, 131, 10);
insert into book2genre (id, book_id, genre_id) values (213, 148, 51);
insert into book2genre (id, book_id, genre_id) values (214, 70, 30);
insert into book2genre (id, book_id, genre_id) values (215, 15, 50);
insert into book2genre (id, book_id, genre_id) values (216, 26, 10);
insert into book2genre (id, book_id, genre_id) values (217, 262, 17);
insert into book2genre (id, book_id, genre_id) values (218, 284, 17);
insert into book2genre (id, book_id, genre_id) values (219, 252, 6);
insert into book2genre (id, book_id, genre_id) values (220, 20, 59);
insert into book2genre (id, book_id, genre_id) values (221, 100, 3);
insert into book2genre (id, book_id, genre_id) values (222, 208, 22);
insert into book2genre (id, book_id, genre_id) values (223, 84, 34);
insert into book2genre (id, book_id, genre_id) values (224, 11, 46);
insert into book2genre (id, book_id, genre_id) values (225, 141, 36);
insert into book2genre (id, book_id, genre_id) values (226, 267, 53);
insert into book2genre (id, book_id, genre_id) values (227, 142, 12);
insert into book2genre (id, book_id, genre_id) values (228, 123, 51);
insert into book2genre (id, book_id, genre_id) values (229, 213, 59);
insert into book2genre (id, book_id, genre_id) values (230, 263, 24);
insert into book2genre (id, book_id, genre_id) values (231, 221, 27);
insert into book2genre (id, book_id, genre_id) values (232, 254, 26);
insert into book2genre (id, book_id, genre_id) values (233, 52, 50);
insert into book2genre (id, book_id, genre_id) values (234, 212, 31);
insert into book2genre (id, book_id, genre_id) values (235, 77, 19);
insert into book2genre (id, book_id, genre_id) values (236, 298, 49);
insert into book2genre (id, book_id, genre_id) values (237, 230, 17);
insert into book2genre (id, book_id, genre_id) values (238, 156, 37);
insert into book2genre (id, book_id, genre_id) values (239, 38, 50);
insert into book2genre (id, book_id, genre_id) values (240, 57, 9);
insert into book2genre (id, book_id, genre_id) values (241, 69, 49);
insert into book2genre (id, book_id, genre_id) values (242, 72, 38);
insert into book2genre (id, book_id, genre_id) values (243, 12, 23);
insert into book2genre (id, book_id, genre_id) values (244, 267, 12);
insert into book2genre (id, book_id, genre_id) values (245, 124, 4);
insert into book2genre (id, book_id, genre_id) values (246, 59, 5);
insert into book2genre (id, book_id, genre_id) values (247, 186, 17);
insert into book2genre (id, book_id, genre_id) values (248, 91, 31);
insert into book2genre (id, book_id, genre_id) values (249, 276, 40);
insert into book2genre (id, book_id, genre_id) values (250, 144, 7);
insert into book2genre (id, book_id, genre_id) values (251, 187, 29);
insert into book2genre (id, book_id, genre_id) values (252, 79, 18);
insert into book2genre (id, book_id, genre_id) values (253, 278, 6);
insert into book2genre (id, book_id, genre_id) values (254, 147, 60);
insert into book2genre (id, book_id, genre_id) values (255, 268, 6);
insert into book2genre (id, book_id, genre_id) values (256, 95, 53);
insert into book2genre (id, book_id, genre_id) values (257, 113, 52);
insert into book2genre (id, book_id, genre_id) values (258, 229, 57);
insert into book2genre (id, book_id, genre_id) values (259, 70, 2);
insert into book2genre (id, book_id, genre_id) values (260, 145, 55);
insert into book2genre (id, book_id, genre_id) values (261, 257, 57);
insert into book2genre (id, book_id, genre_id) values (262, 77, 19);
insert into book2genre (id, book_id, genre_id) values (263, 87, 12);
insert into book2genre (id, book_id, genre_id) values (264, 202, 25);
insert into book2genre (id, book_id, genre_id) values (265, 235, 57);
insert into book2genre (id, book_id, genre_id) values (266, 154, 14);
insert into book2genre (id, book_id, genre_id) values (267, 96, 55);
insert into book2genre (id, book_id, genre_id) values (268, 190, 32);
insert into book2genre (id, book_id, genre_id) values (269, 140, 60);
insert into book2genre (id, book_id, genre_id) values (270, 254, 27);
insert into book2genre (id, book_id, genre_id) values (271, 136, 60);
insert into book2genre (id, book_id, genre_id) values (272, 276, 53);
insert into book2genre (id, book_id, genre_id) values (273, 235, 28);
insert into book2genre (id, book_id, genre_id) values (274, 291, 5);
insert into book2genre (id, book_id, genre_id) values (275, 59, 54);
insert into book2genre (id, book_id, genre_id) values (276, 189, 39);
insert into book2genre (id, book_id, genre_id) values (277, 171, 4);
insert into book2genre (id, book_id, genre_id) values (278, 14, 51);
insert into book2genre (id, book_id, genre_id) values (279, 81, 44);
insert into book2genre (id, book_id, genre_id) values (280, 249, 20);
insert into book2genre (id, book_id, genre_id) values (281, 101, 9);
insert into book2genre (id, book_id, genre_id) values (282, 104, 14);
insert into book2genre (id, book_id, genre_id) values (283, 221, 56);
insert into book2genre (id, book_id, genre_id) values (284, 26, 30);
insert into book2genre (id, book_id, genre_id) values (285, 114, 32);
insert into book2genre (id, book_id, genre_id) values (286, 11, 9);
insert into book2genre (id, book_id, genre_id) values (287, 104, 10);
insert into book2genre (id, book_id, genre_id) values (288, 219, 49);
insert into book2genre (id, book_id, genre_id) values (289, 5, 43);
insert into book2genre (id, book_id, genre_id) values (290, 271, 48);
insert into book2genre (id, book_id, genre_id) values (291, 252, 56);
insert into book2genre (id, book_id, genre_id) values (292, 19, 8);
insert into book2genre (id, book_id, genre_id) values (293, 51, 7);
insert into book2genre (id, book_id, genre_id) values (294, 182, 37);
insert into book2genre (id, book_id, genre_id) values (295, 247, 48);
insert into book2genre (id, book_id, genre_id) values (296, 134, 14);
insert into book2genre (id, book_id, genre_id) values (297, 53, 35);
insert into book2genre (id, book_id, genre_id) values (298, 125, 36);
insert into book2genre (id, book_id, genre_id) values (299, 281, 11);
insert into book2genre (id, book_id, genre_id) values (300, 116, 47);